Sarake1;kunta;kuntakoodi;Erikoissairaanhoidon nettokäyttökustannukset, euroa / asukas;Ikääntyneiden laitoshoidon nettokäyttökustannukset, euroa / asukas;Ikääntyneiden ympärivuorokautisen hoivan asumispalvelujen nettokäyttökustannukset, euroa / asukas (2015-);Kotihoidon nettokäyttökustannukset, euroa / asukas;Lastensuojelun avohuoltopalvelujen nettokäyttökustannukset, euroa / asukas (2015-);Lastensuojelun laitos- ja perhehoidon nettokäyttökustannukset, euroa / asukas;Muiden ikääntyneiden palvelujen nettokäyttökustannukset, euroa / asukas (2015-);Muiden lasten ja perheiden avopalvelujen nettokäyttökustannukset, euroa / asukas (2015-);Muiden vammaisten palvelujen nettokäyttökustannukset, euroa / asukas (2015-);Muun sosiaali- ja terveystoiminnan nettokäyttökustannukset, euroa / asukas;Perusterveydenhuollon avohoidon (pl. suun terveydenhoito) nettokäyttökustannukset, euroa / asukas;Perusterveydenhuollon vuodeosastohoidon nettokäyttökustannukset, euroa / asukas;Päihdehuollon erityispalvelujen nettokäyttökustannukset, euroa / asukas;Sosiaali- ja terveystoiminnan nettokäyttökustannukset (pl. varhaiskasvatus 2015-), euroa / asukas;Suun terveydenhuollon nettokäyttökustannukset, euroa / asukas;Työllistymistä tukevien palvelujen nettokäyttökustannukset, euroa / asukas (2015-);Vammaisten laitoshoidon nettokäyttökustannukset, euroa / asukas;Vammaisten ympärivuorokautisen hoivan asumispalvelujen nettokäyttökustannukset, euroa / asukas (2015-);Ympäristöterveydenhuollon nettokäyttökustannukset, euroa / asukas;Kuntakoodi;Kunta;Maakuntakoodi;Asukasluku_2018;Kuntakokoryhmä;Kuntakoko_koodi;kuntatyyppilk;Kuntatyyp_koodi;Väestönmuutoslk;Väestönm_koodi;Yhdistelmäkoodi
2018;Alajärvi;5;1407;0;578,6;221,5;48,6;119,8;70,3;73;247,3;103,7;406,7;154,5;13,1;3835,7;112,6;68,6;67,1;109;34,3;5;Alajärvi;14;9700;5001-10000;5;Taajaan asuttu kunta;3;Väestöään nopeasti menettävä;4;534
2018;Alavieska;9;1205,2;0;680,1;248,7;66,8;152,7;166,3;25,3;232;181,1;467,2;270,5;17,5;3959,2;118,5;0,8;0;87,8;38,5;9;Alavieska;17;2573;2000-5000;6;Maaseutumaiset kunnat;4;Väestöään nopeasti menettävä;4;644
2018;Alavus;10;1401,8;31,8;615,7;331,4;11,2;148,9;46,6;27,5;98,7;92,6;572,9;242,6;11,2;4001,3;128,7;7,8;30,8;177,8;23,2;10;Alavus;14;11544;10001-20000;4;Maaseutumaiset kunnat;4;Väestöään nopeasti menettävä;4;444
2018;Asikkala;16;1101,1;0;397;275,2;19,5;156,3;67;50,9;172;90,9;650,9;216,8;24,9;3560,4;105,2;75,7;0;130,3;26,5;16;Asikkala;7;8149;5001-10000;5;Taajaan asuttu kunta;3;Väestöään menettävä;3;533
2018;Askola;18;1176,7;403,8;-9,7;212,2;59,3;134,1;42,4;36,1;197,1;125,9;340,1;26,8;11,9;3107,7;81,5;66,2;157,3;29,4;16,7;18;Askola;1;4958;2000-5000;6;Maaseutumaiset kunnat;4;Väestöään menettävä;3;643
2018;Aura;19;1237,7;2;268,6;136;54,5;50,7;38,4;52;202,1;56,5;373,5;126,5;26,1;2947;93,1;46,9;24,3;144,6;13,6;19;Aura;2;3984;2000-5000;6;Maaseutumaiset kunnat;4;Kasvava;2;642
2018;Akaa;20;1174,8;1,2;390,6;151,9;72,4;181,5;90,8;38,7;152,8;133;371,6;228,1;26,3;3309,1;92,4;48,4;53,5;90,8;10,2;20;Akaa;6;16611;10001-20000;4;Taajaan asuttu kunta;3;Väestöään menettävä;3;433
2018;Enonkoski;46;1788,6;0;956,6;494;34,9;0;39,9;27,8;133,1;124,6;560,9;96,8;8,5;4710,3;78,3;128,8;0;181,5;56,2;46;Enonkoski;10;1405;Alle 2000;7;Maaseutumaiset kunnat;4;Väestöään nopeasti menettävä;4;744
2018;Enontekiö;47;1613,4;649;0;255,9;34;14,6;177,1;0;514,6;186,8;753,8;326,7;-1,1;4739,7;106,9;44,8;0;0;63,2;47;Enontekiö;19;1852;Alle 2000;7;Maaseutumaiset kunnat;4;Väestöään menettävä;3;743
2018;Espoo;49;952,8;22,8;188,9;107,8;50,1;148,2;52,3;50,4;185,8;73,9;301,8;127,4;45,8;2603,3;68;94;10,3;118,7;4,4;49;Espoo;1;283632;Yli 100000;1;Suuret kaupungit;1;Nopeasti kasvava;1;111
2018;Eura;50;1262,7;0;421,9;218,2;8,5;111,8;130,3;147,9;203,8;56,9;395,5;208,5;22,9;3542,9;84,9;32,5;2;217;17,6;50;Eura;4;11748;10001-20000;4;Taajaan asuttu kunta;3;Väestöään nopeasti menettävä;4;434
2018;Eurajoki;51;1163,2;69,3;341,5;263,2;60,1;156,5;99,5;27,1;148,4;135,1;339,9;125,3;1,6;3395,6;110,5;33;16,6;284,7;20;51;Eurajoki;4;9454;5001-10000;5;Maaseutumaiset kunnat;4;Kasvava;2;542
2018;Evijärvi;52;1550,7;0;443,2;496,2;86,1;89,4;52,6;10,9;236,6;97;420,5;207,8;5,3;4159,3;84,9;41,6;0;313,8;22,6;52;Evijärvi;14;2473;2000-5000;6;Maaseutumaiset kunnat;4;Väestöään nopeasti menettävä;4;644
2018;Forssa;61;1601,9;82;435,3;228,7;65,1;157,9;64,8;44,4;171,7;60;282,8;39,8;31,4;3739,9;162,7;102,4;1,6;188,2;19,3;61;Forssa;5;17028;10001-20000;4;Kaupunkimaiset kunnat;2;Väestöään menettävä;3;423
2018;Haapajärvi;69;1373,4;5,6;328;311,9;34;148,5;165,5;66;153,1;121,2;641,5;239,3;41,3;4124,4;99,2;146,2;55,7;150,3;43,8;69;Haapajärvi;17;7147;5001-10000;5;Taajaan asuttu kunta;3;Väestöään nopeasti menettävä;4;534
2018;Haapavesi;71;1289,8;93,2;250,1;295,9;102,7;96,6;129;36,3;204;41,3;660,6;241,5;34,3;3843,9;88,6;42,5;86,7;103,4;47,6;71;Haapavesi;17;6854;5001-10000;5;Maaseutumaiset kunnat;4;Väestöään nopeasti menettävä;4;544
2018;Hailuoto;72;1607,8;0;964,1;249,5;69,8;12,3;72,9;1;80,1;212,5;586,2;334,7;0;4537;139,6;51,3;11,3;109,9;33,9;72;Hailuoto;17;974;Alle 2000;7;Maaseutumaiset kunnat;4;Väestöään menettävä;3;743
2018;Halsua;74;1418,9;8,6;561,4;448,9;34,3;33,5;121;33,5;339,1;104,7;394,8;317,6;16,3;4309;135,6;30;0;258,4;52,4;74;Halsua;16;1165;Alle 2000;7;Maaseutumaiset kunnat;4;Väestöään nopeasti menettävä;4;744
2018;Hamina;75;1266,4;121,4;536,4;189,2;30,7;178,6;118,5;64,2;164,1;109,7;463,2;206,4;37,4;3884,1;70,1;105;8,6;202,8;11,3;75;Hamina;8;20286;20001-40000;3;Kaupunkimaiset kunnat;2;Väestöään menettävä;3;323
2018;Hankasalmi;77;1413,4;121,7;764,7;381,3;45,4;202,9;76,7;45,4;306,5;219,5;561,7;135,3;18,4;4591,4;63,4;76,7;67,6;51,4;39,5;77;Hankasalmi;13;4939;2000-5000;6;Maaseutumaiset kunnat;4;Väestöään nopeasti menettävä;4;644
2018;Hanko;78;1448;0;453,5;289,7;41,9;165,3;77,9;45,5;214,9;133,7;389,1;226;23,4;3960;64,8;103,4;29,1;236,7;17,2;78;Hanko;1;8379;5001-10000;5;Kaupunkimaiset kunnat;2;Väestöään nopeasti menettävä;4;524
2018;Harjavalta;79;1622,4;296,1;427,6;212,2;104,3;218,4;28,4;52;268,9;83,1;454,1;157,3;32,1;4407,4;80,8;107,7;88,5;157;16,5;79;Harjavalta;4;7018;5001-10000;5;Kaupunkimaiset kunnat;2;Väestöään nopeasti menettävä;4;524
2018;Hartola;81;1332;32,4;858,6;416,9;46,8;191;71,6;52,2;170,5;73,7;570,1;202,5;3,6;4775,2;156,8;132;77;342,4;45;81;Hartola;7;2780;2000-5000;6;Maaseutumaiset kunnat;4;Väestöään nopeasti menettävä;4;644
2018;Hattula;82;1139,3;0;268,4;165;54,1;107,8;71,6;67,7;166,8;95,1;285,4;84;0,1;2800,1;64,3;66,9;7,6;138,3;17,9;82;Hattula;5;9475;5001-10000;5;Taajaan asuttu kunta;3;Väestöään menettävä;3;533
2018;Hausjärvi;86;1169,8;105,1;326,5;195,9;53,7;177,5;20,9;32;136,9;40,8;375,9;127,4;0,1;3135,7;112,3;20,8;0;225,3;15;86;Hausjärvi;5;8417;5001-10000;5;Maaseutumaiset kunnat;4;Väestöään menettävä;3;543
2018;Heinävesi;90;1628,1;0;880,4;450,9;26,4;116,6;604,7;58,3;477,3;201,6;456;249,3;26,4;5345,4;63,7;5,4;10,5;58,3;31,5;90;Heinävesi;10;3329;2000-5000;6;Maaseutumaiset kunnat;4;Väestöään nopeasti menettävä;4;644
2018;Helsinki;91;1082,7;126,3;204,5;180,6;55,3;155,5;51,3;32,3;171;139,3;239,6;81,6;45,6;2918,2;93,8;120,7;15,6;117,9;4,5;91;Helsinki;1;648042;Yli 100000;1;Suuret kaupungit;1;Nopeasti kasvava;1;111
2018;Vantaa;92;1027,8;37;185,3;50;64,5;210,2;65,6;41,5;192,8;121,1;315,7;124,8;51,9;2754,6;71,8;94,9;13,5;80,7;5,6;92;Vantaa;1;228166;Yli 100000;1;Suuret kaupungit;1;Nopeasti kasvava;1;111
2018;Hirvensalmi;97;1660,3;0;537,2;290;176,6;30,2;508,4;31,6;178,9;113,4;288,1;149,6;38,6;4276,5;82,2;48,8;22,8;106,9;13;97;Hirvensalmi;10;2152;2000-5000;6;Maaseutumaiset kunnat;4;Väestöään nopeasti menettävä;4;644
2018;Hollola;98;1151;0;300,8;183,2;36,4;186,9;48,8;61,8;182,6;94,9;381,8;133,1;20;3069,5;83,1;93;0;101,4;10,8;98;Hollola;7;23602;20001-40000;3;Kaupunkimaiset kunnat;2;Väestöään menettävä;3;323
2018;Honkajoki;99;1309,7;42;480,2;244,9;63,6;223,3;90,6;25,2;447,2;5,4;518;363,7;48;4151,3;94,2;40,8;5,4;118,8;30;99;Honkajoki;4;1666;Alle 2000;7;Maaseutumaiset kunnat;4;Väestöään nopeasti menettävä;4;744
2018;Huittinen;102;1366,3;136,6;497;252,9;9,7;71,3;122;21;188,6;121,6;486;200;9,6;3803,2;89,2;12,3;0;199,6;19,7;102;Huittinen;4;10091;10001-20000;4;Taajaan asuttu kunta;3;Väestöään menettävä;3;433
2018;Humppila;103;1719,5;256,4;412,1;240,7;44,3;46,5;48,3;46,5;144,1;16,6;299,8;24,2;10,3;3795,5;125,7;21;0;312,3;27,3;103;Humppila;5;2235;2000-5000;6;Maaseutumaiset kunnat;4;Väestöään nopeasti menettävä;4;644
2018;Hyrynsalmi;105;2154,4;475,7;591,2;335,8;99,3;67,8;153;21,9;298,2;162,7;638,4;0;23,6;5530,4;97,1;103,6;5,7;272,4;29,7;105;Hyrynsalmi;18;2287;2000-5000;6;Maaseutumaiset kunnat;4;Väestöään nopeasti menettävä;4;644
2018;Hyvinkää;106;1262,3;40,7;323,6;114,1;7,2;242,3;46;92,3;181,3;44,5;496,6;189,7;24,7;3356,4;56,7;102,3;6;117,6;8,6;106;Hyvinkää;1;46504;40001-100000;2;Kaupunkimaiset kunnat;2;Kasvava;2;222
2018;Hämeenkyrö;108;1188,8;118,8;397,6;129,1;11,9;61,5;52,3;54,7;123,2;35,4;329,1;131,4;29,8;3003,9;71;78,5;12;155,7;23,1;108;Hämeenkyrö;6;10510;10001-20000;4;Taajaan asuttu kunta;3;Väestöään menettävä;3;433
2018;Hämeenlinna;109;1303,9;64,3;400,3;180,2;159,3;125,4;96,3;63;167;135,2;371,1;127,4;39,2;3534,7;73,5;111,6;0;108,8;8,1;109;Hämeenlinna;5;67532;40001-100000;2;Suuret kaupungit;1;Väestöään menettävä;3;213
2018;Heinola;111;1307;0;563,6;209,8;55,3;138,4;95,3;40,6;114,9;136,2;452,1;205,8;35,4;3727,5;76,1;89,7;9,1;185;13,2;111;Heinola;7;18889;10001-20000;4;Kaupunkimaiset kunnat;2;Väestöään nopeasti menettävä;4;424
2018;Ii;139;1191,7;117,4;179,2;268,4;28,4;10,4;72,7;64,4;274,6;99,9;556,7;168,7;6,6;3339,7;76,4;51,1;6,2;140,7;26,2;139;Ii;17;9862;5001-10000;5;Taajaan asuttu kunta;3;Kasvava;2;532
2018;Iisalmi;140;1253,2;122,3;373,8;210,8;45,1;141;87,7;110,1;152,6;53,9;381,3;252,8;12,5;3599,2;69,8;111,5;13,8;169,9;37;140;Iisalmi;11;21472;20001-40000;3;Kaupunkimaiset kunnat;2;Väestöään menettävä;3;323
2018;Iitti;142;1352,7;8;445,5;378,7;21,1;162,5;44,9;28,7;194,1;76,3;442,4;225,3;14,6;3785,7;79,1;135,7;19,4;139,5;17,1;142;Iitti;8;6765;5001-10000;5;Maaseutumaiset kunnat;4;Väestöään menettävä;3;543
2018;Ikaalinen;143;1353,4;0;556,6;195,3;70,4;125,5;203,1;64,8;141,1;97;441,1;316,7;38,7;3895;101,5;74,7;8,7;82,4;24;143;Ikaalinen;6;7003;5001-10000;5;Maaseutumaiset kunnat;4;Väestöään menettävä;3;543
2018;Ilmajoki;145;1307,6;0;424,6;152,1;54,6;72,8;89,3;37,3;142,2;99,7;370,1;154,8;8,5;3139,2;82,7;12,9;9,5;106;14,5;145;Ilmajoki;14;12187;10001-20000;4;Taajaan asuttu kunta;3;Kasvava;2;432
2018;Ilomantsi;146;1335,2;0;793,7;436;151,2;157,7;179,2;35;429,5;315,1;670,8;340,8;7;5310,1;89,9;127,1;5;218,4;18,5;146;Ilomantsi;12;4973;2000-5000;6;Maaseutumaiset kunnat;4;Väestöään nopeasti menettävä;4;644
2018;Inari;148;1370,6;0;541,7;221,1;55,8;135,9;146,8;14,1;244;58,7;551,1;444;17,5;4286,4;121,4;83,1;65,8;161,2;53,7;148;Inari;19;6930;5001-10000;5;Maaseutumaiset kunnat;4;Kasvava;2;542
2018;Inkoo;149;1330,9;0;440,3;171,2;37;122;86,8;40,5;159,2;13,1;382,6;69;1,1;3172,9;92,5;103,3;39,2;69;15;149;Inkoo;1;5403;5001-10000;5;Maaseutumaiset kunnat;4;Väestöään menettävä;3;543
2018;Isojoki;151;1391,2;0;863,9;642,2;45;171,1;219,1;33,4;208,5;122;398,3;381,6;8,1;5112,3;118,4;22,8;44;408,4;34,4;151;Isojoki;14;1976;Alle 2000;7;Maaseutumaiset kunnat;4;Väestöään nopeasti menettävä;4;744
2018;Isokyrö;152;1261,5;266,5;243,6;205,2;63;-20,6;266,2;121,9;198,2;14,6;652,9;0;10,4;3360,8;0;40,6;18,5;0;18,3;152;Isokyrö;15;4601;2000-5000;6;Maaseutumaiset kunnat;4;Väestöään nopeasti menettävä;4;644
2018;Imatra;153;1267,1;52,7;270,2;216,8;17,8;89,3;154,5;116,1;111,3;116,3;433,1;151,2;13,5;3427,9;92,9;133,7;26,3;147,5;17,5;153;Imatra;9;26932;20001-40000;3;Kaupunkimaiset kunnat;2;Väestöään menettävä;3;323
2018;Janakkala;165;1213,1;125,7;245,6;151,7;36,3;101,3;42,4;117,6;107;139,7;440,6;169,1;7,4;3170,1;71,2;25,8;0;159,5;16,1;165;Janakkala;5;16447;10001-20000;4;Taajaan asuttu kunta;3;Väestöään menettävä;3;433
2018;Joensuu;167;1236,1;4,6;255,7;168,4;29,7;146;60,1;39,8;160,1;154;320,5;190,4;32,7;3166,4;68,5;142,7;10,6;132,1;14,4;167;Joensuu;12;76551;40001-100000;2;Suuret kaupungit;1;Kasvava;2;212
2018;Jokioinen;169;1287,4;132,2;339,9;243,7;65,6;174,6;90,1;26,8;151,5;60,4;249,5;7,9;30,2;3112,4;113;1,3;0;117,8;20,4;169;Jokioinen;5;5195;5001-10000;5;Maaseutumaiset kunnat;4;Väestöään nopeasti menettävä;4;544
2018;Joroinen;171;1353,9;0;323,8;301,5;21,2;71,3;39,7;109,9;190,1;110,3;575;334;12,7;3845,4;112,2;26,6;111,4;122,8;28,9;171;Joroinen;10;4812;2000-5000;6;Maaseutumaiset kunnat;4;Väestöään nopeasti menettävä;4;644
2018;Joutsa;172;1277,1;158,9;761,4;360,4;30,4;141,7;86;24,8;137,7;95,8;585,6;306,7;17,7;4514,2;150,4;132,8;34;180,4;32,2;172;Joutsa;13;4467;2000-5000;6;Maaseutumaiset kunnat;4;Väestöään nopeasti menettävä;4;644
2018;Juuka;176;1183,3;0;1150,1;407,1;29,7;88,3;118,3;60,7;572,5;170,7;651,1;287,3;5,3;5204,3;95,3;86,4;60,7;209;28,2;176;Juuka;12;4709;2000-5000;6;Maaseutumaiset kunnat;4;Väestöään nopeasti menettävä;4;644
2018;Juupajoki;177;1486,7;195,9;743,1;386,9;0;0;0;62,6;1,1;161,9;485,1;0;8;3802,5;166,1;9;0;67,9;28,1;177;Juupajoki;6;1884;Alle 2000;7;Maaseutumaiset kunnat;4;Väestöään nopeasti menettävä;4;744
2018;Juva;178;1439,8;0;500,7;276,1;53;163,5;310;35,7;168,4;74,5;477,3;257,5;29,4;4163,7;99,8;11,4;41,6;162,4;62,5;178;Juva;10;6225;5001-10000;5;Maaseutumaiset kunnat;4;Väestöään nopeasti menettävä;4;544
2018;Jyväskylä;179;1030;49,4;225,3;129,8;65;152,1;64,4;31,5;141,8;62,3;427,8;146,6;35,5;2923,9;69,6;138,6;29,2;118,1;6,9;179;Jyväskylä;13;141305;Yli 100000;1;Suuret kaupungit;1;Kasvava;2;112
2018;Jämijärvi;181;1150,4;2,8;743;190,7;61,4;105,6;63,6;37,6;278,1;5;501,9;261,5;2,2;3772,8;85,7;34,8;0;205,6;43,1;181;Jämijärvi;4;1809;Alle 2000;7;Maaseutumaiset kunnat;4;Väestöään nopeasti menettävä;4;744
2018;Jämsä;182;1218;0;646,9;24,8;146,2;155,2;168,2;63,7;273;138,6;609,9;179,4;52,3;4159,3;88,6;113,2;33,1;225,9;22,2;182;Jämsä;13;20607;20001-40000;3;Taajaan asuttu kunta;3;Väestöään nopeasti menettävä;4;334
2018;Järvenpää;186;1204,4;5,9;294,1;148,4;45,2;118,5;25,2;133,1;206,5;122,7;347,5;139,2;29,1;3172,1;79,8;92,7;2,6;168,6;8,7;186;Järvenpää;1;43410;40001-100000;2;Kaupunkimaiset kunnat;2;Nopeasti kasvava;1;221
2018;Kaarina;202;1243,5;-0,2;368,1;107,1;42,7;90,4;115,3;63,3;177;28,7;287,8;139;40,6;2952,8;76,9;45,2;12,4;110,6;4,5;202;Kaarina;2;33458;20001-40000;3;Kaupunkimaiset kunnat;2;Nopeasti kasvava;1;321
2018;Kaavi;204;1668,2;0;493,6;207,4;74,6;244,8;582,6;24,7;516,1;123,7;637,1;520,1;30,8;5338,8;96,7;59,5;17,1;6,4;35,5;204;Kaavi;11;2990;2000-5000;6;Maaseutumaiset kunnat;4;Väestöään nopeasti menettävä;4;644
2018;Kajaani;205;1727,8;38;172;169,2;91,7;162,1;208,7;27;213,4;95,5;389,7;147,8;26,9;3873,1;94,3;96,1;39,6;147,2;26;205;Kajaani;18;36973;20001-40000;3;Kaupunkimaiset kunnat;2;Väestöään menettävä;3;323
2018;Kalajoki;208;1248;0;307,5;208,3;0;31,5;114,2;123,3;12,6;101,8;374,7;214;2,4;3051,3;76,7;24,8;0,8;188,8;22;208;Kalajoki;17;12387;10001-20000;4;Taajaan asuttu kunta;3;Väestöään menettävä;3;433
2018;Kangasala;211;1152,3;47,5;223,4;143,6;25,3;92,9;65,3;73,7;140,5;83,9;347,6;120,2;22,3;2825,5;122,8;1;28,4;131,3;3,5;211;Kangasala;6;31676;20001-40000;3;Kaupunkimaiset kunnat;2;Kasvava;2;322
2018;Kangasniemi;213;1495,8;0;510,5;337,7;47,9;89,5;122,3;19,8;204,7;178,8;490,5;462,2;24,9;4452,1;102,7;51,4;24,8;251,1;37,6;213;Kangasniemi;10;5452;5001-10000;5;Maaseutumaiset kunnat;4;Väestöään nopeasti menettävä;4;544
2018;Kankaanpää;214;1285,9;63,2;382,5;183,1;79,2;149,9;64,9;50,5;338,9;6,8;377,6;267,3;29,3;3610;86,9;48,8;38,2;138,4;18,5;214;Kankaanpää;4;11471;10001-20000;4;Taajaan asuttu kunta;3;Väestöään menettävä;3;433
2018;Kannonkoski;216;1218;0;1179,6;240,2;54;181,8;201;116;141,9;153;516,6;318,6;66,5;4767,9;86,5;117,5;10,3;128,6;37,7;216;Kannonkoski;13;1353;Alle 2000;7;Maaseutumaiset kunnat;4;Väestöään nopeasti menettävä;4;744
2018;Kannus;217;1161,6;0;389,5;261;57,3;44,5;103,2;18,4;224,8;125,8;522,7;146,5;35,8;3525,4;134;48,5;0;215,4;36,5;217;Kannus;16;5502;5001-10000;5;Maaseutumaiset kunnat;4;Väestöään menettävä;3;543
2018;Karijoki;218;1521,2;15,7;1171,9;624;27,5;0;194,7;19,6;163,3;62;456;338,3;5,5;4872,8;83,2;0;5,5;149,1;35,3;218;Karijoki;14;1274;Alle 2000;7;Maaseutumaiset kunnat;4;Väestöään nopeasti menettävä;4;744
2018;Karkkila;224;1235,9;0;337,1;237,9;85,1;206,2;31,8;51,3;176,5;108,5;426,9;213,8;30,6;3510,4;81,6;86,9;12,1;171,2;17,1;224;Karkkila;1;8778;5001-10000;5;Taajaan asuttu kunta;3;Väestöään menettävä;3;533
2018;Karstula;226;1120,3;17,6;568,6;232,4;93,5;47,4;113,1;80,4;210,6;179,9;624,7;278,8;20,6;4097,7;118,3;30,8;4,2;321,5;35;226;Karstula;13;4031;2000-5000;6;Maaseutumaiset kunnat;4;Väestöään nopeasti menettävä;4;644
2018;Karvia;230;1274,5;30,1;733,5;230,1;40,2;96,7;82;35,6;302,5;13,4;442,3;382,4;2,1;4067,8;77;87;12,6;190,4;35,6;230;Karvia;4;2390;2000-5000;6;Maaseutumaiset kunnat;4;Väestöään nopeasti menettävä;4;644
2018;Kaskinen;231;1631,5;0;1009,5;358,2;0;0;23;384,3;0;21,4;980,2;0;33,3;5168;271;48,3;0;381,9;25,4;231;Kaskinen;15;1262;Alle 2000;7;Kaupunkimaiset kunnat;2;Väestöään nopeasti menettävä;4;724
2018;Kauhajoki;232;1432,7;3,4;550,3;231,5;50,5;192,2;134,1;82,6;235,7;101,8;420,5;164,9;15,2;4042,3;123,4;61,1;15;191,7;35,9;232;Kauhajoki;14;13375;10001-20000;4;Taajaan asuttu kunta;3;Väestöään menettävä;3;433
2018;Kauhava;233;1430,8;60,2;502,7;371,9;54,2;115,3;70,3;24,6;226,2;36,5;481,3;175,4;7;4060,3;75,1;42;78,2;285,7;22,8;233;Kauhava;14;16022;10001-20000;4;Taajaan asuttu kunta;3;Väestöään nopeasti menettävä;4;434
2018;Kauniainen;235;957,2;295,2;212,6;125,8;11,1;39;164,3;48,2;225,7;102,4;444,2;4;5,4;2914,6;77;36,9;20,5;140,6;4,6;235;Kauniainen;1;9615;5001-10000;5;Kaupunkimaiset kunnat;2;Nopeasti kasvava;1;521
2018;Kaustinen;236;1236,6;0;447;183,5;33,7;179,7;92;18;170,4;114,2;395;219,5;14,7;3510,6;129,7;56,2;20,8;168;31,6;236;Kaustinen;16;4273;2000-5000;6;Maaseutumaiset kunnat;4;Väestöään menettävä;3;643
2018;Keitele;239;1488,4;0;671,1;296,3;29,9;86,9;145,3;47,7;209,4;138,1;671,1;352,9;0;4520,5;126,6;48,6;5,8;143,9;58,4;239;Keitele;11;2244;2000-5000;6;Maaseutumaiset kunnat;4;Väestöään nopeasti menettävä;4;644
2018;Kemi;240;1902,3;57;395,5;258,1;36,3;185,9;75,8;32,2;201,6;42,2;503,8;208,8;28;4316,1;100,1;102,8;42,7;134,5;8,4;240;Kemi;19;21021;20001-40000;3;Kaupunkimaiset kunnat;2;Väestöään nopeasti menettävä;4;324
2018;Keminmaa;241;1658,8;0;268,4;219,7;11,2;143,2;149,9;126,1;81,9;183,7;326,6;217,4;41,5;3766,5;107,4;4,3;38,7;172;15,8;241;Keminmaa;19;8147;5001-10000;5;Taajaan asuttu kunta;3;Väestöään menettävä;3;533
2018;Kempele;244;1072,5;0;170,6;124,7;26,1;73,3;40,8;27,5;148,2;71,5;420,8;139;5,2;2581,5;75,3;53,4;22,6;107,2;2,7;244;Kempele;17;17923;10001-20000;4;Kaupunkimaiset kunnat;2;Nopeasti kasvava;1;421
2018;Kerava;245;1084,7;44,4;172,1;66,6;76,9;166,6;20,4;52,5;126,9;118,5;325,5;144,7;11,6;2735,7;85,1;76,7;7;143;12,6;245;Kerava;1;36254;20001-40000;3;Kaupunkimaiset kunnat;2;Kasvava;2;322
2018;Keuruu;249;1228,9;91,2;308;214,7;40,5;77,1;278,9;14,2;150,6;168,5;682;181,5;18,8;3831,5;136,8;61,8;37,6;117,9;22,3;249;Keuruu;13;9762;5001-10000;5;Taajaan asuttu kunta;3;Väestöään nopeasti menettävä;4;534
2018;Kihniö;250;1258,6;8,9;548,7;441,9;6,3;15,7;24,6;46,1;82,7;130,9;853,4;430,4;2,6;4361,3;119,9;7,3;0;303,7;79,6;250;Kihniö;6;1910;Alle 2000;7;Maaseutumaiset kunnat;4;Väestöään nopeasti menettävä;4;744
2018;Kinnula;256;1396,3;0;691;229,7;115,8;124,5;94,7;26;174;239;878;169;122;4705,9;110,2;-2,5;4,3;272,4;61,3;256;Kinnula;13;1615;Alle 2000;7;Maaseutumaiset kunnat;4;Väestöään nopeasti menettävä;4;744
2018;Kirkkonummi;257;981;87;150,3;101,1;61,9;139,8;78,3;75,1;212,9;26,7;386,5;112,7;26,7;2775,7;73,7;100,9;17,9;138,2;5;257;Kirkkonummi;1;39262;20001-40000;3;Kaupunkimaiset kunnat;2;Kasvava;2;322
2018;Kitee;260;1392,7;0;547,7;376,4;31;58,3;141,3;31,9;252,9;182,1;484,1;228,3;6,9;4124,7;75,3;77,2;28,6;180,7;29,3;260;Kitee;12;10358;10001-20000;4;Maaseutumaiset kunnat;4;Väestöään nopeasti menettävä;4;444
2018;Kittilä;261;1443,1;0;390,5;216,1;0;63,7;300,8;19,6;300,8;83,3;610,5;324,9;26,6;4319;125,1;101;81,6;179;52,5;261;Kittilä;19;6436;5001-10000;5;Maaseutumaiset kunnat;4;Väestöään menettävä;3;543
2018;Kiuruvesi;263;1294,9;64,4;585,4;427,2;70,6;128,9;143,6;102,2;211,3;109,5;420,1;328,1;10,1;4335,1;89,8;85,9;37,9;180,1;45,1;263;Kiuruvesi;11;8153;5001-10000;5;Maaseutumaiset kunnat;4;Väestöään nopeasti menettävä;4;544
2018;Kivijärvi;265;1039,9;14,5;1256,6;398,9;37,2;182,2;163,2;32,6;339,1;60,7;602;223,9;23,6;5096,1;102,4;58;15,4;523,1;22,7;265;Kivijärvi;13;1103;Alle 2000;7;Maaseutumaiset kunnat;4;Väestöään nopeasti menettävä;4;744
2018;Kokemäki;271;1322,9;0;522;211,6;60,3;166,6;7,3;45,9;186;33,9;475,2;170,6;76;3821,3;74,7;80;85,1;280;23,1;271;Kokemäki;4;7226;5001-10000;5;Maaseutumaiset kunnat;4;Väestöään nopeasti menettävä;4;544
2018;Kokkola;272;1312,5;0,1;410;200,9;23;185,1;108,9;4;213,6;187,3;383;116,4;48,6;3496,1;87;34,2;4,2;160,5;16,9;272;Kokkola;16;47657;40001-100000;2;Kaupunkimaiset kunnat;2;Kasvava;2;222
2018;Kolari;273;1305,7;8,3;433,8;404,8;68,1;52,2;77,2;27,1;366,5;29;601,2;415;6,5;4277,3;123,6;46,9;132;135,6;43,8;273;Kolari;19;3834;2000-5000;6;Maaseutumaiset kunnat;4;Väestöään menettävä;3;643
2018;Konnevesi;275;1184,6;282,1;974,1;338,4;40;144,6;77,1;3,3;331;147,5;520,4;124,9;0;4392,5;143,8;49,7;3,3;0;27,8;275;Konnevesi;13;2698;2000-5000;6;Maaseutumaiset kunnat;4;Väestöään nopeasti menettävä;4;644
2018;Kontiolahti;276;1064,4;0;204,4;76,4;22,2;78,8;51,1;41,9;193,7;83,4;324,8;110,8;19,7;2547,4;78,8;70,9;14,7;96;15,4;276;Kontiolahti;12;14849;10001-20000;4;Taajaan asuttu kunta;3;Kasvava;2;432
2018;Korsnäs;280;1205,9;103,7;633,4;305,4;27,3;0;76,8;4,2;104,1;96,6;589,5;198,4;19,3;3617,8;115,9;14,1;0;102,7;20,3;280;Korsnäs;15;2122;2000-5000;6;Maaseutumaiset kunnat;4;Väestöään menettävä;3;643
2018;Koski;284;1408,1;0;599,1;200,9;146,2;113,7;55,1;58,1;79,9;47;397,9;339,3;27,8;3918,8;91;115;7,3;211,1;21,4;284;Koski Tl;2;2340;2000-5000;6;Maaseutumaiset kunnat;4;Väestöään menettävä;3;643
2018;Kotka;285;1422;0;473,5;261,8;77,2;157,9;102,5;65,7;194,9;120,5;521,5;210,5;45,6;4129,1;71,6;178,1;25,1;191,4;9,3;285;Kotka;8;52883;40001-100000;2;Suuret kaupungit;1;Väestöään menettävä;3;213
2018;Kouvola;286;1412,8;101,3;479,2;233,8;34,2;144,2;42,5;78,8;306,6;95,3;365,3;139,9;58,5;3840,2;70,8;108,3;29,3;125,3;14,1;286;Kouvola;8;83177;40001-100000;2;Suuret kaupungit;1;Väestöään menettävä;3;213
2018;Kristiinankaupunki;287;1345,1;438,4;203,2;387,7;4,9;156,9;18,2;77;30,2;14,4;614,5;238,3;0,8;3942,4;60,8;4,5;51,2;270,9;25,5;287;Kristiinankaupunki;15;6596;5001-10000;5;Maaseutumaiset kunnat;4;Väestöään nopeasti menettävä;4;544
2018;Kruunupyy;288;1213,7;146,3;582,9;343,2;9,7;92,5;89,4;17,5;203,7;50,4;365,3;187,3;2,8;3601;92,9;2,6;0;174,5;26,3;288;Kruunupyy;15;6509;5001-10000;5;Maaseutumaiset kunnat;4;Väestöään menettävä;3;543
2018;Kuhmo;290;2040;0;456,6;278,9;66,2;77,4;168,7;25,6;357,5;70;653,3;258,6;14,4;4896,4;110,6;140,1;2,9;142,5;33,1;290;Kuhmo;18;8329;5001-10000;5;Taajaan asuttu kunta;3;Väestöään nopeasti menettävä;4;534
2018;Kuhmoinen;291;1463,8;21,9;487,9;412,9;151,5;24,1;51,8;6,7;243,5;84,9;550,9;665,3;9,8;4654,2;129,6;41,6;4,9;275,2;27,7;291;Kuhmoinen;13;2238;2000-5000;6;Maaseutumaiset kunnat;4;Väestöään nopeasti menettävä;4;644
2018;Kuopio;297;1482,9;105,2;237,6;248,1;28,3;142,6;52,2;64,6;130,9;40,4;394,7;157,9;65,3;3491,5;76,3;96;37,6;116,3;14,5;297;Kuopio;11;118664;Yli 100000;1;Suuret kaupungit;1;Kasvava;2;112
2018;Kuortane;300;1327,8;74,5;806,6;378,2;10,6;55,4;43,4;23,5;98,8;80,9;332,6;232,6;5,6;3933,7;119,8;3,4;31,1;282,5;26,3;300;Kuortane;14;3572;2000-5000;6;Maaseutumaiset kunnat;4;Väestöään nopeasti menettävä;4;644
2018;Kurikka;301;1397,3;0;511,7;247,6;61,2;103,7;106,8;63,8;297;84,3;425,3;196;18,2;3928,3;81;86,1;39;173,7;35,4;301;Kurikka;14;20952;20001-40000;3;Taajaan asuttu kunta;3;Väestöään nopeasti menettävä;4;334
2018;Kustavi;304;1668,5;86,4;992,4;374,7;29,2;0;45,4;216;329,4;81;542,1;236,5;23,8;4744,1;88,6;18,4;0;0;11,9;304;Kustavi;2;926;Alle 2000;7;Maaseutumaiset kunnat;4;Nopeasti kasvava;1;741
2018;Kuusamo;305;1150,9;0;140,5;169,7;32,2;125,4;544,3;64,5;132,2;122,5;775,9;300,9;8,4;3993,6;83,3;105,9;0,6;201,4;35,2;305;Kuusamo;17;15207;10001-20000;4;Taajaan asuttu kunta;3;Väestöään menettävä;3;433
2018;Outokumpu;309;1273,3;1,2;424,2;258,6;41,5;225,8;74,5;66,3;234,6;175,1;462,6;402,6;10,7;3984,7;83,6;109,8;1,5;118,6;20,3;309;Outokumpu;12;6803;5001-10000;5;Taajaan asuttu kunta;3;Väestöään nopeasti menettävä;4;534
2018;Kyyjärvi;312;1377,5;32,8;669,4;178;43,9;46,9;154,1;94,6;264,3;84,9;574,8;309;26,8;4431,1;102;68,5;3,7;352,9;46,9;312;Kyyjärvi;13;1343;Alle 2000;7;Maaseutumaiset kunnat;4;Väestöään nopeasti menettävä;4;744
2018;Kärkölä;316;1138,2;11,2;373,8;213;44;209,8;55;83,6;116,6;126,5;497;154,8;25,2;3418,8;74,6;109;0;157,5;29;316;Kärkölä;7;4451;2000-5000;6;Maaseutumaiset kunnat;4;Väestöään nopeasti menettävä;4;644
2018;Kärsämäki;317;1236,9;0;499;209,7;66,6;234,6;-2,7;29,1;63,5;209,7;649,4;201,3;0;3930;68,9;86,5;0;322,2;55,1;317;Kärsämäki;17;2613;2000-5000;6;Maaseutumaiset kunnat;4;Väestöään menettävä;3;643
2018;Kemijärvi;320;1512,1;0;656,9;360,5;47,8;204,2;216,3;68,7;250,3;215,6;738,8;383,7;69,2;5339,8;109,1;87,2;135,7;227,3;56,4;320;Kemijärvi;19;7370;5001-10000;5;Taajaan asuttu kunta;3;Väestöään nopeasti menettävä;4;534
2018;Kemiönsaari;322;1364,8;208,2;548;246;88,5;136,8;112,3;68,9;186,5;72,3;588;306,4;20,4;4248,5;100,8;28,6;24,2;129,4;18,4;322;Kemiönsaari;2;6724;5001-10000;5;Maaseutumaiset kunnat;4;Väestöään menettävä;3;543
2018;Lahti;398;1182,1;1;285,2;205,1;27,6;200,5;43,9;69,1;162,1;119,9;345,9;195,2;51,2;3264,3;77,2;146;0,6;143,8;7,6;398;Lahti;7;119951;Yli 100000;1;Suuret kaupungit;1;Kasvava;2;112
2018;Laihia;399;1291,4;0;363,6;206,1;16,9;57,1;49;35,7;192,2;69,5;506,8;109;36,7;3297,7;83,3;49,9;65;148,2;17,2;399;Laihia;15;8058;5001-10000;5;Taajaan asuttu kunta;3;Kasvava;2;532
2018;Laitila;400;1182,1;266,5;326,6;179,4;57,8;68,9;41,7;115,2;115,1;50,7;449,8;147,7;8,4;3413,1;123,7;33,3;9,1;225,3;11,8;400;Laitila;2;8647;5001-10000;5;Taajaan asuttu kunta;3;Kasvava;2;532
2018;Lapinlahti;402;1394,8;73,3;449,8;332,6;33,1;117,8;80,3;51,4;337,7;103,9;428,5;236,1;12,6;4003,8;63,2;88;53;116,7;31;402;Lapinlahti;11;9617;5001-10000;5;Maaseutumaiset kunnat;4;Väestöään nopeasti menettävä;4;544
2018;Lappajärvi;403;1422,4;0;692,3;462,6;54,6;71,2;75,4;13,3;216,4;108,2;-31,2;196,9;5,8;3705,7;89;18,8;61,7;219,3;28,9;403;Lappajärvi;14;3078;2000-5000;6;Maaseutumaiset kunnat;4;Väestöään nopeasti menettävä;4;644
2018;Lappeenranta;405;1449;16,3;293,4;193,4;20,3;126,4;147,3;133,3;136,6;90,8;363,1;80,3;13,1;3403,8;72,8;99,6;4,1;147,9;16,2;405;Lappeenranta;9;72699;40001-100000;2;Suuret kaupungit;1;Kasvava;2;212
2018;Lapinjärvi;407;1236;284,4;331;141,8;55,5;45;124,6;116,3;452,2;99,8;333,2;21;26,3;3744,8;78,8;90,8;59,7;231,5;16,9;407;Lapinjärvi;1;2665;2000-5000;6;Maaseutumaiset kunnat;4;Väestöään nopeasti menettävä;4;644
2018;Lapua;408;1343,9;0;406,2;99,1;66,2;119,6;129,8;40,8;216,3;106;401,9;123,9;6,5;3344,7;69,2;4,2;83,1;113,5;14,5;408;Lapua;14;14427;10001-20000;4;Taajaan asuttu kunta;3;Väestöään menettävä;3;433
2018;Laukaa;410;1086,9;0;338,6;139,6;70,5;136;134,7;29,8;177,5;29,3;478,2;75,7;24,1;3083;117,7;15;5,5;205,7;18,2;410;Laukaa;13;18927;10001-20000;4;Taajaan asuttu kunta;3;Kasvava;2;432
2018;Lemi;416;1155,4;21;286,6;327;22,7;70,3;168,3;133,4;42,7;532,7;381,9;90,7;1,3;3601,1;101,5;77,2;45,3;93,3;49,6;416;Lemi;9;3043;2000-5000;6;Maaseutumaiset kunnat;4;Väestöään menettävä;3;643
2018;Lempäälä;418;1121,3;142,2;126,5;83;50,1;108,9;53;78,4;149,3;13,7;331,9;117,9;14,7;2699,9;74,5;72,7;27,2;132,8;1,8;418;Lempäälä;6;23206;20001-40000;3;Kaupunkimaiset kunnat;2;Nopeasti kasvava;1;321
2018;Leppävirta;420;1470,8;0;339,1;226,8;43,7;165,5;56,1;60,9;236,2;13;606,2;410,5;10,1;4146,9;74,9;97;54,8;266,1;15,3;420;Leppävirta;11;9650;5001-10000;5;Maaseutumaiset kunnat;4;Väestöään nopeasti menettävä;4;544
2018;Lestijärvi;421;1689,3;0;1218,5;316,1;8,1;149,3;165,5;5,4;138,4;70,6;576,7;253,7;6,8;4834,5;160,1;2,7;0;20,4;52,9;421;Lestijärvi;16;737;Alle 2000;7;Maaseutumaiset kunnat;4;Väestöään nopeasti menettävä;4;744
2018;Lieksa;422;1217,9;0;662,7;371,7;87,3;152,8;126,7;69,7;314,4;151,3;450,4;414,8;4,3;4513,5;100,4;130,7;43,6;183,4;31,4;422;Lieksa;12;11098;10001-20000;4;Taajaan asuttu kunta;3;Väestöään nopeasti menettävä;4;434
2018;Lieto;423;1121,3;0;224,6;142,9;67,1;55,6;161,5;36,9;173,8;45,3;292,1;159,4;12,8;2767,7;86,9;20;36;122,3;9,3;423;Lieto;2;19831;10001-20000;4;Taajaan asuttu kunta;3;Kasvava;2;432
2018;Liminka;425;924,5;0;179,5;83,4;38,9;49,1;43,6;87,5;166;132,4;379,7;49,9;-25;2368,4;74,1;5,4;9,6;154,4;15,4;425;Liminka;17;10161;10001-20000;4;Taajaan asuttu kunta;3;Nopeasti kasvava;1;431
2018;Liperi;426;1154,2;0;367,5;232;35,4;145,1;89,5;51,5;183;112,9;364,2;167,6;9,6;3250,1;77,4;-3,5;35,4;199,8;28,2;426;Liperi;12;12145;10001-20000;4;Maaseutumaiset kunnat;4;Väestöään menettävä;3;443
2018;Loimaa;430;1455;76,5;496,6;334,3;67,9;171,3;23,3;69,3;249,1;52,6;374,6;341,8;39,6;4121,6;86;88,4;49,8;135,7;9,7;430;Loimaa;2;16032;10001-20000;4;Taajaan asuttu kunta;3;Väestöään menettävä;3;433
2018;Loppi;433;1323,8;29,3;346,4;206,3;53,4;151,9;32,6;48;95,9;117,4;453,8;153,7;0;3270,8;95,3;32,9;0;117,9;12,3;433;Loppi;5;7861;5001-10000;5;Maaseutumaiset kunnat;4;Väestöään nopeasti menettävä;4;544
2018;Loviisa;434;1387,5;111,6;428,6;298,4;38,9;34,2;48,8;67;140,5;28,3;357,1;140,8;61,6;3458,3;74,7;86;0,8;133,2;20,1;434;Loviisa;1;14891;10001-20000;4;Taajaan asuttu kunta;3;Väestöään menettävä;3;433
2018;Luhanka;435;1169,7;1031,1;0;393,2;22,6;87,7;89,1;31,1;101,8;145,7;547,4;234,8;0;4434,2;161,2;73,6;0;284,3;60,8;435;Luhanka;13;707;Alle 2000;7;Maaseutumaiset kunnat;4;Väestöään nopeasti menettävä;4;744
2018;Lumijoki;436;888,4;0;434,2;146,2;57;32,2;49,2;19;281,2;271,4;578;0;0;2949,8;117;0;1,9;38;36,1;436;Lumijoki;17;2052;2000-5000;6;Maaseutumaiset kunnat;4;Väestöään menettävä;3;643
2018;Luoto;440;964,4;27,2;358,6;159,2;50,9;29;6,2;37,6;74,3;-39,1;419,1;109,4;11,2;2625,1;116,7;3,2;80,9;201,7;14,6;440;Luoto;15;5340;5001-10000;5;Maaseutumaiset kunnat;4;Nopeasti kasvava;1;541
2018;Luumäki;441;1653,2;22,7;460,5;402,6;19,7;24,5;231,4;119,5;162,4;134,5;418,7;92,2;1,9;4196,3;114,8;95,7;0;209,1;32,8;441;Luumäki;9;4662;2000-5000;6;Maaseutumaiset kunnat;4;Väestöään nopeasti menettävä;4;644
2018;Lohja;444;1290,7;31,8;359,5;157,1;60,8;175,8;60;69,7;154,1;65,2;341,8;156,8;33;3339,1;86,2;83,6;23,4;181,4;8,1;444;Lohja;1;46296;40001-100000;2;Kaupunkimaiset kunnat;2;Väestöään menettävä;3;223
2018;Parainen;445;1249,4;0;437,4;258,6;77;69,3;104,9;13,8;209,8;95;387,3;361,4;35,6;3588,9;95,9;34,8;35,4;111,1;12,2;445;Parainen;2;15217;10001-20000;4;Taajaan asuttu kunta;3;Väestöään menettävä;3;433
2018;Maalahti;475;1352,4;147,2;443,1;308,6;32;34;126,9;17,2;241,4;45,1;486,9;312,8;28,7;3872,9;122,1;34,5;5,5;114,5;20,3;475;Maalahti;15;5477;5001-10000;5;Maaseutumaiset kunnat;4;Väestöään menettävä;3;543
2018;Marttila;480;1174,4;0;570,4;96,1;145,7;23,3;137,3;84,7;147,2;44,6;359,3;192,3;22,8;3285,9;88,7;33,2;0;140,2;25,8;480;Marttila;2;2018;2000-5000;6;Maaseutumaiset kunnat;4;Väestöään menettävä;3;643
2018;Masku;481;1141,9;119,5;212,9;78,4;12,6;87,7;55,5;176,2;325,6;58,3;285,7;102,1;10,7;2760,3;77,1;2,8;1,8;0;11,5;481;Masku;2;9554;5001-10000;5;Taajaan asuttu kunta;3;Väestöään menettävä;3;533
2018;Merijärvi;483;1414,9;0;416,7;373,2;0;37,1;0,9;14,5;138,6;46,2;642,2;168,5;10;3429,3;109,6;31,7;5,4;0;19,9;483;Merijärvi;17;1104;Alle 2000;7;Maaseutumaiset kunnat;4;Väestöään menettävä;3;743
2018;Merikarvia;484;1418,9;50,7;864,8;321;57,1;131,9;66,1;45,9;208,7;86,7;358,9;282,5;40,1;4444;75,4;28,6;72,6;302,7;31,1;484;Merikarvia;4;3115;2000-5000;6;Maaseutumaiset kunnat;4;Väestöään menettävä;3;643
2018;Miehikkälä;489;1338,7;0;653,1;323,2;22,2;32,5;110,3;27,8;176,3;135,1;558,8;242,3;6,7;3976,8;104,6;47,4;0;79,4;118,6;489;Miehikkälä;8;1940;Alle 2000;7;Maaseutumaiset kunnat;4;Väestöään nopeasti menettävä;4;744
2018;Mikkeli;491;1494,3;0;362,2;248,9;49,1;144,6;167,3;32,3;189,5;120,5;315,2;116,7;49,7;3580,8;64,6;6,4;46,8;160,2;12,5;491;Mikkeli;10;53818;40001-100000;2;Suuret kaupungit;1;Väestöään menettävä;3;213
2018;Muhos;494;1324,5;0;413,1;186,1;129,8;72,6;117,1;67,3;157,8;77,4;390,5;248,6;5,9;3670,2;83,1;39,5;29,3;306,8;20,7;494;Muhos;17;8980;5001-10000;5;Taajaan asuttu kunta;3;Väestöään menettävä;3;533
2018;Multia;495;1217,8;0;874,4;480,4;28,4;206,4;214,6;16,4;138,3;63,1;584;188,1;98,5;4537,9;102,3;17,7;0;278,4;29;495;Multia;13;1584;Alle 2000;7;Maaseutumaiset kunnat;4;Väestöään nopeasti menettävä;4;744
2018;Muonio;498;1493,7;21,3;531,5;263,6;75,3;15,7;100,5;8,7;185,3;26,1;644,6;498,9;22,6;4381,9;129,6;29,1;39,6;237,5;58,3;498;Muonio;19;2299;2000-5000;6;Maaseutumaiset kunnat;4;Väestöään menettävä;3;643
2018;Mustasaari;499;1222,9;29,6;329,6;205,2;24,1;38,4;77,2;33,4;126,3;24,7;397,2;202,1;8,6;3027,6;75,8;40,5;18,3;155;18,9;499;Mustasaari;15;19444;10001-20000;4;Taajaan asuttu kunta;3;Kasvava;2;432
2018;Muurame;500;1021,8;0;178;67,2;61,2;81,8;48,4;55,9;101;58,6;310,7;138,9;16,2;2403,8;82,6;63,1;36,7;70,6;11,2;500;Muurame;13;10170;10001-20000;4;Taajaan asuttu kunta;3;Nopeasti kasvava;1;431
2018;Mynämäki;503;1339,7;235,1;358,5;148,9;120,4;119,9;48,8;24,9;298,6;95,7;322,7;182,8;8,5;3675,9;75,1;21;13,6;243;18,8;503;Mynämäki;2;7766;5001-10000;5;Taajaan asuttu kunta;3;Väestöään menettävä;3;533
2018;Myrskylä;504;1291,9;0;648,8;270,6;30,7;217;43,2;36,9;146,2;91,1;365,8;169,1;2,1;3684,2;89;122,3;0;132,7;27,1;504;Myrskylä;1;1922;Alle 2000;7;Maaseutumaiset kunnat;4;Väestöään menettävä;3;743
2018;Mäntsälä;505;1153,1;0;269,7;218,7;39,7;53,3;38,7;77,3;209,8;44,4;412,9;211,1;15,8;2971,3;93,3;41,7;8,8;69,1;13,9;505;Mäntsälä;1;20686;20001-40000;3;Taajaan asuttu kunta;3;Kasvava;2;332
2018;Mäntyharju;507;1575,5;0;603,1;334,7;44,6;155,6;146,2;42,5;207,1;63,5;500;188;32,2;4326,1;92,7;71,1;66,8;179,4;23;507;Mäntyharju;10;5924;5001-10000;5;Maaseutumaiset kunnat;4;Väestöään nopeasti menettävä;4;544
2018;Mänttä-Vilppula;508;1623,4;70,1;663,6;269;16,7;110,3;83,4;77,9;178,3;-58,4;659,7;212,9;21,7;4220,7;150,2;-0,3;0,3;115;26,8;508;Mänttä-Vilppula;6;9983;5001-10000;5;Taajaan asuttu kunta;3;Väestöään nopeasti menettävä;4;534
2018;Naantali;529;1203,1;36,6;362,8;130,8;104,4;134;73,7;15,1;173,4;106;327,3;126,1;43,4;3110;69,5;39,7;0;152,8;11,3;529;Naantali;2;19245;10001-20000;4;Taajaan asuttu kunta;3;Kasvava;2;432
2018;Nakkila;531;1377,4;142,4;478;134,3;5,7;57;31,8;102,1;299,4;11,6;386,1;135,7;43,6;3442;99,9;55,9;27,6;36,6;16,9;531;Nakkila;4;5437;5001-10000;5;Taajaan asuttu kunta;3;Väestöään menettävä;3;533
2018;Nivala;535;1185,9;0;513,7;258,1;73,7;172,2;148,6;60,6;286,1;75,4;491,5;258;21,4;3806,8;119,2;64,2;17,4;23,9;36,8;535;Nivala;17;10737;10001-20000;4;Taajaan asuttu kunta;3;Väestöään menettävä;3;433
2018;Nokia;536;1201,7;28,3;296,4;152,9;23,5;96,3;35,6;64;218,3;25,9;307,2;158,1;22;2832,5;63,1;73,3;14,9;43,2;7,7;536;Nokia;6;33527;20001-40000;3;Kaupunkimaiset kunnat;2;Kasvava;2;322
2018;Nousiainen;538;1174,5;201,1;241,7;139,2;127,2;113;42,3;25,4;204,3;64,2;263;129,5;9,9;2986,7;87,5;39,5;1,9;110,3;12;538;Nousiainen;2;4733;2000-5000;6;Maaseutumaiset kunnat;4;Väestöään menettävä;3;643
2018;Nurmes;541;1031,8;0;749,9;312,3;39,5;173,9;114,8;69,4;166,2;173,9;526,1;399,3;3,9;4113,5;67,3;103,9;23,7;126,6;31;541;Nurmes;12;7 641;5001-10000;5;Taajaan asuttu kunta;3;Nopeasti taantuva;4;534
2018;Nurmijärvi;543;1084,4;106,2;186;78,9;37,1;148,9;76,7;69,5;92,3;85,4;391,2;81,4;6,9;2791,2;72,4;63,4;41,8;164,7;4,2;543;Nurmijärvi;1;42665;40001-100000;2;Kaupunkimaiset kunnat;2;Kasvava;2;222
2018;Närpiö;545;1292,7;167,5;570;252,8;28,6;48,6;117,7;33,7;93,8;88,6;378,5;217,3;5,7;3522;71,5;11,4;11,1;111,9;20,8;545;Närpiö;15;9471;5001-10000;5;Maaseutumaiset kunnat;4;Kasvava;2;542
2018;Orimattila;560;1157,2;0;433,2;210,8;33,3;169,3;46,3;60,2;169;144,1;412,1;176,6;23,9;3316;83,6;84,3;0;88,9;23,1;560;Orimattila;7;16091;10001-20000;4;Taajaan asuttu kunta;3;Väestöään menettävä;3;433
2018;Oripää;561;1595,3;0;631,2;254,4;175,2;114,4;252,2;77,7;80,6;54,3;434,8;236,8;0;4259,5;90,9;29,3;208,9;0;23,5;561;Oripää;2;1364;Alle 2000;7;Maaseutumaiset kunnat;4;Väestöään menettävä;3;743
2018;Orivesi;562;1461,3;120,5;311,8;195,7;35,2;173,1;73,5;65;197,7;47,8;361,1;378,8;13,8;3820,3;100,2;100,9;92;75,2;16,7;562;Orivesi;6;9221;5001-10000;5;Taajaan asuttu kunta;3;Väestöään menettävä;3;533
2018;Oulainen;563;1287,8;0;715,6;214;59,5;138,8;20,6;41,7;109,4;127,5;698,3;277,8;20,7;4195;89,8;104,7;15,2;239;34,7;563;Oulainen;17;7430;5001-10000;5;Taajaan asuttu kunta;3;Väestöään menettävä;3;533
2018;Oulu;564;1228,3;116,9;179,4;142;40,8;107,9;55;44,2;176,4;96;320,6;167,5;40,2;3016,5;72,5;108,7;11,2;101,6;7,5;564;Oulu;17;203567;Yli 100000;1;Suuret kaupungit;1;Kasvava;2;112
2018;Padasjoki;576;1285,5;6,4;1068,2;390,1;20,6;21,3;73,9;37,1;150,5;57,4;527,5;340,5;20,6;4551,5;121,5;101,6;0;302,7;26;576;Padasjoki;7;2963;2000-5000;6;Maaseutumaiset kunnat;4;Väestöään nopeasti menettävä;4;644
2018;Paimio;577;1199,5;0;302,5;148,5;74,1;83,1;43,3;12,3;172,6;27,8;345,4;161,6;9,8;2877,8;71,2;30,7;0;187,2;8,1;577;Paimio;2;10832;10001-20000;4;Taajaan asuttu kunta;3;Kasvava;2;432
2018;Paltamo;578;2227,2;0;507,8;336,6;45;103,4;224,5;19,8;204,1;-30,6;631,3;0;14,7;4624,7;100,7;125,9;3,9;81,5;28,8;578;Paltamo;18;3336;2000-5000;6;Maaseutumaiset kunnat;4;Väestöään nopeasti menettävä;4;644
2018;Parikkala;580;1523,8;163,8;203,6;530,8;15,1;80,1;262,3;95,8;178,2;113,6;466,7;436,4;9,3;4509,7;98,9;89,2;3,1;185,5;53,5;580;Parikkala;9;4842;2000-5000;6;Maaseutumaiset kunnat;4;Väestöään nopeasti menettävä;4;644
2018;Parkano;581;1222,8;0;580,3;273;39,4;105,4;233,6;47;314,7;-73,4;736,1;-71,1;12,2;3704;100,5;15,3;25,5;119,3;23,3;581;Parkano;6;6469;5001-10000;5;Taajaan asuttu kunta;3;Väestöään nopeasti menettävä;4;534
2018;Pelkosenniemi;583;1365,8;0;928,7;269,4;65;90,1;51,4;117,4;228,5;215,9;768,3;903,6;4,2;6079,7;125,8;75,5;187,6;618,4;63,9;583;Pelkosenniemi;19;954;Alle 2000;7;Maaseutumaiset kunnat;4;Väestöään menettävä;3;743
2018;Perho;584;1111,2;0;572,4;291,7;112,9;76,5;122,8;1,8;302,3;98,1;547,6;237,2;12,7;4026,2;125,7;43,9;18,4;311,2;40;584;Perho;16;2825;2000-5000;6;Maaseutumaiset kunnat;4;Väestöään menettävä;3;643
2018;Pertunmaa;588;1580,3;0;598,9;443,7;74,7;188;357,3;17,5;202,6;15,2;457,1;123,2;40,9;4600,7;115,6;88,7;105,1;158,2;33,9;588;Pertunmaa;10;1713;Alle 2000;7;Maaseutumaiset kunnat;4;Väestöään nopeasti menettävä;4;744
2018;Petäjävesi;592;1146,7;0;371,8;288,7;57,4;104,4;34,4;67,7;297,7;50,5;450,3;129,5;6,9;3264,1;106,9;69,7;0;53,8;27,7;592;Petäjävesi;13;3900;2000-5000;6;Maaseutumaiset kunnat;4;Väestöään nopeasti menettävä;4;644
2018;Pieksämäki;593;1340,3;0;736;191,9;92,3;157,1;67,8;102,8;317,8;23,8;624,5;229,5;34,8;4464,1;103,6;85,5;59,4;278,2;18,7;593;Pieksämäki;10;17933;10001-20000;4;Taajaan asuttu kunta;3;Väestöään nopeasti menettävä;4;434
2018;Pielavesi;595;1438,2;0;593,2;483,5;85,4;163,2;110,5;53,6;196,1;140,5;715;392,2;28,9;4928,2;118,9;53,1;5,1;290,1;60,7;595;Pielavesi;11;4498;2000-5000;6;Maaseutumaiset kunnat;4;Väestöään nopeasti menettävä;4;644
2018;Pietarsaari;598;1345,8;76,3;400;250;47,3;180,5;85,7;6,4;156,2;136,8;420,6;322,4;43,6;3872;67,7;60,8;3,5;251,3;17;598;Pietarsaari;15;19278;10001-20000;4;Kaupunkimaiset kunnat;2;Väestöään menettävä;3;423
2018;Pedersören kunta;599;1405;232,9;264,6;194,1;16,1;30,5;19,6;54,7;44,4;-3,8;244,4;0;11,3;2977,7;101,2;64,5;9,3;270,6;18,3;599;Pedersören kunta;15;11016;10001-20000;4;Maaseutumaiset kunnat;4;Kasvava;2;442
2018;Pihtipudas;601;1189,5;238,6;421,2;368,1;32,8;127,6;183,1;60,7;282,8;173,7;629,7;235,4;24,7;4349,6;122,6;49,1;0;150,3;60;601;Pihtipudas;13;4053;2000-5000;6;Maaseutumaiset kunnat;4;Väestöään nopeasti menettävä;4;644
2018;Pirkkala;604;1013,2;84,4;193,7;124,8;30,8;87,8;56,9;74,9;110,4;42,4;448,7;114,3;10,1;2622,9;66,2;49,4;7,2;95,8;11,8;604;Pirkkala;6;19368;10001-20000;4;Kaupunkimaiset kunnat;2;Nopeasti kasvava;1;421
2018;Polvijärvi;607;1338,8;9,8;386,8;136,3;32,7;102,2;205;47,4;273,7;300,4;412,4;178,8;7,2;3839,1;83,8;3,7;95;178,8;46,4;607;Polvijärvi;12;4307;2000-5000;6;Maaseutumaiset kunnat;4;Väestöään nopeasti menettävä;4;644
2018;Pomarkku;608;1276,8;43,8;466,4;239;133,3;128,6;146,3;28;333,6;7;486,5;245,6;0,9;4078,3;75,5;62;15,4;372,8;16,8;608;Pomarkku;4;2146;2000-5000;6;Maaseutumaiset kunnat;4;Väestöään nopeasti menettävä;4;644
2018;Pori;609;1388,7;90,8;453;168;27,7;139,9;73;58,5;192,6;84,2;220,9;174,4;28,5;3445;64,7;5,6;42,7;224;7,9;609;Pori;4;84403;40001-100000;2;Suuret kaupungit;1;Väestöään menettävä;3;213
2018;Pornainen;611;1050,9;0;345,7;133;41,6;30,8;33,3;49,3;116;56;327,2;100,4;2,4;2446,1;91;43,2;0;6,7;18,5;611;Pornainen;1;5068;5001-10000;5;Maaseutumaiset kunnat;4;Väestöään menettävä;3;543
2018;Posio;614;1750,7;638,2;594,7;419,8;70,4;258;39,9;56,2;217,8;338,3;335,8;-12,7;38,6;5430;109,1;60,2;193,1;263,5;58,4;614;Posio;19;3237;2000-5000;6;Maaseutumaiset kunnat;4;Väestöään nopeasti menettävä;4;644
2018;Pudasjärvi;615;1490;74,6;289,6;416,3;1,4;31,2;364,6;104;311,8;35,3;652,2;334,7;13;4513,4;64,1;40,3;3,1;240,8;46,6;615;Pudasjärvi;17;7990;5001-10000;5;Maaseutumaiset kunnat;4;Väestöään nopeasti menettävä;4;544
2018;Pukkila;616;1146,9;0;493,9;127,4;27,4;321,7;21,6;50;170,6;92,2;299,1;174,8;12,6;3265,9;67,4;64,8;0;168,5;26,9;616;Pukkila;1;1899;Alle 2000;7;Maaseutumaiset kunnat;4;Väestöään nopeasti menettävä;4;744
2018;Punkalaidun;619;1486,2;0;727,9;239;33,1;118,4;147,8;-3,1;191,3;17,6;500,7;314,9;3,5;4131,6;73,2;54,9;0;202,3;23,8;619;Punkalaidun;6;2896;2000-5000;6;Maaseutumaiset kunnat;4;Väestöään nopeasti menettävä;4;644
2018;Puolanka;620;1963,4;0;514,4;402,8;155,6;158,6;335,4;42;406,2;184,1;922,2;316,9;0;6052,8;135,5;62,4;0;402,8;50,4;620;Puolanka;18;2597;2000-5000;6;Maaseutumaiset kunnat;4;Väestöään nopeasti menettävä;4;644
2018;Puumala;623;1532,5;0;790,6;526,2;17,8;7,3;341,4;24,1;233,5;108,3;335,5;56;16,8;4489,3;102;76,9;169,3;115,6;35,5;623;Puumala;10;2197;2000-5000;6;Maaseutumaiset kunnat;4;Väestöään nopeasti menettävä;4;644
2018;Pyhtää;624;1521,7;0;406;40,1;89,6;137,3;164,8;34,7;210,1;68,6;414,9;54,6;7,1;3417,2;59,4;69;0;110,1;29,1;624;Pyhtää;8;5187;5001-10000;5;Maaseutumaiset kunnat;4;Väestöään menettävä;3;543
2018;Pyhäjoki;625;1207,6;0,6;573,7;220,3;30,8;37,2;67,7;67,4;166,6;48;400,2;250,8;36,2;3372,2;117,6;66,8;0;60,1;20,7;625;Pyhäjoki;17;3146;2000-5000;6;Maaseutumaiset kunnat;4;Väestöään nopeasti menettävä;4;644
2018;Pyhäjärvi;626;1517,3;0;367,2;555,3;26,7;124,4;180,8;82,3;188,8;133,6;867,4;336,7;28,2;4842,4;94,3;110,1;16,4;169,4;43,4;626;Pyhäjärvi;17;5248;5001-10000;5;Maaseutumaiset kunnat;4;Väestöään nopeasti menettävä;4;544
2018;Pyhäntä;630;1099,6;28,3;657,7;241,5;1,3;95,1;23,8;55,2;256,9;82,2;543,4;174,1;14,1;3664,7;113;30,2;0;215,8;32,8;630;Pyhäntä;17;1557;Alle 2000;7;Maaseutumaiset kunnat;4;Kasvava;2;742
2018;Pyhäranta;631;1414,7;4,4;453,2;114,4;75,4;12,3;53,7;1;296,8;44,4;308,7;226,3;11,8;3348,1;135,1;0;165,2;19,7;10,8;631;Pyhäranta;2;2028;2000-5000;6;Maaseutumaiset kunnat;4;Väestöään nopeasti menettävä;4;644
2018;Pälkäne;635;1442,8;18,9;465,8;285,3;100,5;120,9;82,6;58,3;254,7;208,2;441,1;206,2;12,9;3986,6;85,9;47,2;54,9;84,8;15,5;635;Pälkäne;6;6499;5001-10000;5;Maaseutumaiset kunnat;4;Väestöään menettävä;3;543
2018;Pöytyä;636;1262;0;481,8;170,4;56,2;75,8;42,8;30,8;178,8;77,6;408,9;197,3;19,6;3364,7;88,3;49,3;26,4;179,2;19,4;636;Pöytyä;2;8333;5001-10000;5;Maaseutumaiset kunnat;4;Väestöään menettävä;3;543
2018;Porvoo;638;1149,6;41,5;228,7;129,4;27,6;95,2;115,5;73;178,9;115,5;256,1;110,6;38,1;2939;72,5;95,1;17,8;175,8;18;638;Porvoo;1;50262;40001-100000;2;Suuret kaupungit;1;Kasvava;2;212
2018;Raahe;678;1265,8;43,5;306,8;209,4;68,1;130,9;41,8;63,2;121,5;117,4;458,1;271,8;35,2;3478,7;100,6;76,7;8,9;136,4;22,4;678;Raahe;17;24811;20001-40000;3;Kaupunkimaiset kunnat;2;Väestöään menettävä;3;323
2018;Raisio;680;1214,1;0;272,6;178;95,6;171,1;102,7;62,4;112,8;191,5;311;220,1;35,7;3258,4;91,2;91,6;0;101,7;6,4;680;Raisio;2;24178;20001-40000;3;Kaupunkimaiset kunnat;2;Väestöään menettävä;3;323
2018;Rantasalmi;681;1357,4;0;367,1;316,2;64,9;152,8;180,1;108,1;199,2;234,5;539,3;235,1;0;4251,3;71,1;116,1;81,1;172,5;55,8;681;Rantasalmi;10;3514;2000-5000;6;Maaseutumaiset kunnat;4;Väestöään nopeasti menettävä;4;644
2018;Ranua;683;1305,2;120,6;417,9;276,4;82,9;94,2;87,8;0;319,6;257,2;608,6;456,6;1,3;4485,1;131,7;113,7;175,1;0;36,4;683;Ranua;19;3896;2000-5000;6;Maaseutumaiset kunnat;4;Väestöään nopeasti menettävä;4;644
2018;Rauma;684;1291,9;107,7;403,2;180;54,7;125;99;64;206,4;66,4;426,4;113,9;26,8;3504,3;101,1;97,7;19,3;102,9;18;684;Rauma;4;39360;20001-40000;3;Kaupunkimaiset kunnat;2;Väestöään menettävä;3;323
2018;Rautalampi;686;1510,6;0;493,4;372,3;52,9;119,8;59,8;18,8;217,5;186,2;685,5;265,6;3,8;4554,4;87;25,3;85,7;312,9;57,3;686;Rautalampi;11;3196;2000-5000;6;Maaseutumaiset kunnat;4;Väestöään nopeasti menettävä;4;644
2018;Rautavaara;687;1731,7;0;937;577,2;95,1;74,5;96,3;55,1;221,7;80,6;801,9;323,4;1,8;5556,6;124,8;80;45,4;262,9;47,2;687;Rautavaara;11;1651;Alle 2000;7;Maaseutumaiset kunnat;4;Väestöään nopeasti menettävä;4;744
2018;Rautjärvi;689;1449,8;47,7;423,7;510,9;15;42,3;266,9;89,7;222,8;76,5;472,6;135,2;7,8;4216,5;98,1;146,9;53,7;140,9;16,2;689;Rautjärvi;9;3335;2000-5000;6;Maaseutumaiset kunnat;4;Väestöään nopeasti menettävä;4;644
2018;Reisjärvi;691;1303,3;0;428;292,7;37,9;144;119,2;62,3;272,7;114,5;661,3;445,9;2,9;4436,4;113,4;128,7;15,7;234,4;59,4;691;Reisjärvi;17;2743;2000-5000;6;Maaseutumaiset kunnat;4;Väestöään nopeasti menettävä;4;644
2018;Riihimäki;694;1246,2;26,8;340,3;151,5;25,2;127,9;75,5;65,5;132,4;56,7;383,3;211,2;34,3;3246,2;93,9;72,3;0;189,5;13,9;694;Riihimäki;5;28736;20001-40000;3;Kaupunkimaiset kunnat;2;Väestöään menettävä;3;323
2018;Ristijärvi;697;2430,1;765,5;0;448;66,8;146,7;475,2;15,5;236;78,4;630,4;34,9;0;5891,3;142,9;40,4;10,1;339,3;31,1;697;Ristijärvi;18;1288;Alle 2000;7;Maaseutumaiset kunnat;4;Väestöään nopeasti menettävä;4;744
2018;Rovaniemi;698;1590,3;60,1;259;195,7;62;94,3;47,5;41,7;179,4;112,7;332,2;125,4;8,2;3514,3;69,2;91,7;49,2;184,9;11;698;Rovaniemi;19;62922;40001-100000;2;Suuret kaupungit;1;Kasvava;2;212
2018;Ruokolahti;700;1335,6;113;214,7;363,6;18,8;62,6;241,2;118,5;131,8;102,8;466,6;307,3;5,5;3904,1;97,5;103,9;58,1;128,1;34,7;700;Ruokolahti;9;5099;5001-10000;5;Maaseutumaiset kunnat;4;Väestöään nopeasti menettävä;4;544
2018;Ruovesi;702;1512,7;382,9;541,4;456,8;60,7;55,7;75,9;22,3;197,6;63,9;529,8;355,6;2,3;4653,9;120,1;18,4;18,9;210,1;28,9;702;Ruovesi;6;4398;2000-5000;6;Maaseutumaiset kunnat;4;Väestöään nopeasti menettävä;4;644
2018;Rusko;704;1065,7;12;229,7;64,8;47,2;88,8;50,9;58,2;108,6;61,9;296,8;70,5;13,4;2371,6;85,6;17;0;93,1;7,4;704;Rusko;2;6251;5001-10000;5;Maaseutumaiset kunnat;4;Kasvava;2;542
2018;Rääkkylä;707;1439,2;0;874,4;304,4;55,5;256,8;77,9;10,5;367,3;189,8;521,3;226,5;0,9;4902,3;94,9;126,1;8,7;308,1;39,9;707;Rääkkylä;12;2181;2000-5000;6;Maaseutumaiset kunnat;4;Väestöään nopeasti menettävä;4;644
2018;Raasepori;710;1474,1;125,4;352,9;215,7;60,3;95,6;61,6;40;258,9;34,9;472,3;106,4;21,6;3774,3;71,9;120,7;19,4;227,5;15,1;710;Raasepori;1;27592;20001-40000;3;Taajaan asuttu kunta;3;Väestöään menettävä;3;333
2018;Saarijärvi;729;1055,4;0;730,5;154,6;61,6;113,8;70,3;75,4;138,1;171;707,9;184,1;38;4092,7;101,9;69,9;0;389,2;31;729;Saarijärvi;13;9415;5001-10000;5;Maaseutumaiset kunnat;4;Väestöään nopeasti menettävä;4;544
2018;Salla;732;1869,1;122,3;645,1;430,8;66,2;275,3;123,5;32,9;345,7;-4,9;783,2;618,7;11,5;5961,9;146,1;37;26,4;370,4;62,7;732;Salla;19;3491;2000-5000;6;Maaseutumaiset kunnat;4;Väestöään nopeasti menettävä;4;644
2018;Salo;734;1360,8;184,7;206,5;184,9;68,5;152,5;79,6;78,5;219,2;83,4;354,6;191,5;49,9;3540;76,5;86,4;46,1;103;13,5;734;Salo;2;52321;40001-100000;2;Suuret kaupungit;1;Väestöään menettävä;3;213
2018;Sauvo;738;1175,4;0;393,8;129,3;66,5;68,8;31,4;48,8;218,1;129,3;346,7;166,3;5;3098,2;65,1;45,1;117,9;73,5;17,4;738;Sauvo;2;2994;2000-5000;6;Maaseutumaiset kunnat;4;Väestöään menettävä;3;643
2018;Savitaipale;739;1439,8;57,7;663,2;475,1;19;69,7;244,1;116,4;168,9;112,3;447,7;165,4;8,5;4427,2;121,3;127,7;0,6;143,5;46,7;739;Savitaipale;9;3429;2000-5000;6;Maaseutumaiset kunnat;4;Väestöään nopeasti menettävä;4;644
2018;Savonlinna;740;1749;85,8;128,8;391;29,7;154,5;345,4;19,2;351,7;118,4;429,7;213,1;31,9;4507,6;72,4;126,1;65,1;169,4;26,5;740;Savonlinna;10;33611;20001-40000;3;Kaupunkimaiset kunnat;2;Väestöään nopeasti menettävä;4;324
2018;Savukoski;742;1397;0;934;177,3;55,2;156,7;97,5;16,7;159,6;27,6;844,3;542,9;7,9;5180,3;124,1;164,5;1;396,1;77,8;742;Savukoski;19;1015;Alle 2000;7;Maaseutumaiset kunnat;4;Väestöään nopeasti menettävä;4;744
2018;Seinäjoki;743;1332;25,3;270,1;149,2;53,5;179,4;41,4;43,4;170,9;23,6;339,3;163,1;34;3098,8;66,7;2,3;15,8;181;7,9;743;Seinäjoki;14;63288;40001-100000;2;Suuret kaupungit;1;Kasvava;2;212
2018;Sievi;746;1167,9;-1;434,9;247,2;59;60,4;162,2;51,8;293;99,6;555,8;186,7;14,9;3727,7;123,9;81,9;13,1;140,4;35,9;746;Sievi;17;4980;2000-5000;6;Maaseutumaiset kunnat;4;Väestöään menettävä;3;643
2018;Siikainen;747;1300,4;4,8;644,7;249;112,5;211,9;47,3;19,2;241,4;12,3;475,3;231,1;0;3807,3;92,6;51,4;0;74,1;39,1;747;Siikainen;4;1458;Alle 2000;7;Maaseutumaiset kunnat;4;Väestöään nopeasti menettävä;4;744
2018;Siikajoki;748;1245,8;96,8;304,6;262;60,2;125,2;32;60,6;162,3;18,9;421;257,8;21,1;3533,1;79,4;91,3;0;274,9;19,2;748;Siikajoki;17;5249;5001-10000;5;Maaseutumaiset kunnat;4;Väestöään nopeasti menettävä;4;544
2018;Siilinjärvi;749;1334;60,6;246,7;151,7;80,5;146,4;80,8;36,4;190,6;49;441,6;108,9;13,5;3227,3;54;63,4;29,8;116,3;23;749;Siilinjärvi;11;21674;20001-40000;3;Taajaan asuttu kunta;3;Kasvava;2;332
2018;Simo;751;1778,7;189,2;379,6;343,2;22,3;78,8;69;72,2;314,3;53,5;527,1;214,4;0;4310;76,5;33,5;0;124,1;33,5;751;Simo;19;3045;2000-5000;6;Maaseutumaiset kunnat;4;Väestöään nopeasti menettävä;4;644
2018;Sipoo;753;1017,1;132,4;129,8;160,9;27,4;69,5;20,8;82,8;106,5;56,9;349,1;110,7;51,7;2603,9;78,3;5,6;19,1;167;18,3;753;Sipoo;1;20666;20001-40000;3;Taajaan asuttu kunta;3;Nopeasti kasvava;1;331
2018;Siuntio;755;1165,3;0;17,9;116,2;15,7;92,4;188,5;24,5;216,7;45,8;325,4;167,3;44;2661,9;112,5;34,2;48,7;36,4;10,4;755;Siuntio;1;6134;5001-10000;5;Maaseutumaiset kunnat;4;Väestöään menettävä;3;543
2018;Sodankylä;758;1393,3;0;625,3;297,1;29,7;60,3;174,8;133,1;191,5;316,1;522,7;224,8;46,7;4563,8;116,7;84,8;190,1;110,1;46,8;758;Sodankylä;19;8444;5001-10000;5;Taajaan asuttu kunta;3;Väestöään menettävä;3;533
2018;Soini;759;1290,6;0;486,3;268,6;10,6;359,7;42,2;24;90,6;454,2;366,4;232,6;8,2;4173,1;151,1;4,3;153,5;198,6;31,7;759;Soini;14;2085;2000-5000;6;Maaseutumaiset kunnat;4;Väestöään nopeasti menettävä;4;644
2018;Somero;761;1437,7;0;522,1;279;49,4;153,8;78,4;23,2;252,9;98,1;385,8;188;29,6;3781,2;92,9;50,1;30,9;67,4;41,8;761;Somero;2;8828;5001-10000;5;Maaseutumaiset kunnat;4;Väestöään menettävä;3;543
2018;Sonkajärvi;762;1359,2;59,5;753;431,1;18,7;89;160,6;71,3;211;107,6;400,8;339,3;19,2;4425,5;87,7;62;2,5;212,8;40,3;762;Sonkajärvi;11;3967;2000-5000;6;Maaseutumaiset kunnat;4;Väestöään nopeasti menettävä;4;644
2018;Sotkamo;765;1686,4;0;306,1;210,4;91,4;156,2;133,7;30;220,2;112,1;526,4;224,8;11;4055,4;99,9;79,3;11;127,5;28,9;765;Sotkamo;18;10389;10001-20000;4;Taajaan asuttu kunta;3;Väestöään menettävä;3;433
2018;Sulkava;768;1819,8;0;460,1;234,8;13,8;20,9;419,4;0;52,6;171,1;560,1;456,5;0;4782,6;108,3;76,7;0;330,8;57,7;768;Sulkava;10;2530;2000-5000;6;Maaseutumaiset kunnat;4;Väestöään nopeasti menettävä;4;644
2018;Suomussalmi;777;1822,1;0;398,8;387,1;116,1;91,5;227,4;39,7;424,6;149,7;679,1;310,2;7,1;5045,5;111,7;22,9;3,1;224,9;29,8;777;Suomussalmi;18;7862;5001-10000;5;Taajaan asuttu kunta;3;Väestöään nopeasti menettävä;4;534
2018;Suonenjoki;778;1503,4;107,2;593,1;267,3;82,4;79,5;89,4;67,5;234,3;153,3;553,8;174,2;14,1;4378,4;58,5;76,4;133;133,7;57,2;778;Suonenjoki;11;7145;5001-10000;5;Taajaan asuttu kunta;3;Väestöään menettävä;3;533
2018;Sysmä;781;1568,6;31,7;652,8;370,6;29;114,6;41,6;0;101;102,9;486,8;332;0;4407,7;117,5;73,8;0;337,6;47,2;781;Sysmä;7;3753;2000-5000;6;Maaseutumaiset kunnat;4;Väestöään nopeasti menettävä;4;644
2018;Säkylä;783;1243,9;0;545,4;290,7;8,8;187,1;112;31,7;299,1;50,9;456,8;213,5;2,1;3747,9;66,1;11,7;0;211,4;16,7;783;Säkylä;4;6811;5001-10000;5;Maaseutumaiset kunnat;4;Väestöään nopeasti menettävä;4;544
2018;Vaala;785;1850,1;216,5;364,9;425,9;27,9;181,9;100,4;165,6;366,3;57,9;705,1;363,9;4,5;5103,9;93,4;47,4;2,4;91,7;38;785;Vaala;17;2869;2000-5000;6;Maaseutumaiset kunnat;4;Väestöään nopeasti menettävä;4;644
2018;Sastamala;790;1380;17,8;405,5;229,8;37;66;80,8;41,4;212,6;99,2;522,3;265,7;3,1;3701;75,2;18,3;54;170,4;21,7;790;Sastamala;6;24651;20001-40000;3;Taajaan asuttu kunta;3;Väestöään menettävä;3;333
2018;Siikalatva;791;1517,4;-7,2;560,6;375;59,2;168,8;95,5;90,5;228,3;175,8;535;253,2;11,9;4590,8;99,6;40,2;0;343;44;791;Siikalatva;17;5301;5001-10000;5;Maaseutumaiset kunnat;4;Väestöään nopeasti menettävä;4;544
2018;Taipalsaari;831;1280,2;21,4;248,1;153,3;24,6;40,1;129,4;144,9;107,3;90,6;363,3;80,6;3,4;2984,5;75,7;74,2;32,7;103,1;11,7;831;Taipalsaari;9;4715;2000-5000;6;Maaseutumaiset kunnat;4;Väestöään menettävä;3;643
2018;Taivalkoski;832;1420,7;0;243;147,4;61,1;68,6;423,2;105,4;217,9;66,6;714,2;382;3,2;4203;121;63,6;0;136,4;28,6;832;Taivalkoski;17;4024;2000-5000;6;Maaseutumaiset kunnat;4;Väestöään nopeasti menettävä;4;644
2018;Taivassalo;833;1613,7;376,1;299;243,7;35,5;15,6;12;0,6;207;48,1;326,1;191,3;65,6;3758,7;308,7;0;3;0,6;12;833;Taivassalo;2;1662;Alle 2000;7;Maaseutumaiset kunnat;4;Väestöään menettävä;3;743
2018;Tammela;834;1477,2;133,4;345,7;282,5;67,8;132,1;91,3;45,1;122,5;40,8;235,2;20,6;8,1;3277,3;94,6;26,1;0,5;128,4;25,7;834;Tammela;5;6081;5001-10000;5;Maaseutumaiset kunnat;4;Väestöään nopeasti menettävä;4;544
2018;Tampere;837;1383,7;85,3;227,6;182,3;47,9;153,6;98,7;60,7;184,3;99,6;310,6;65,9;63,8;3302,7;63,9;147,7;28,7;93,2;5,3;837;Tampere;6;235239;Yli 100000;1;Suuret kaupungit;1;Nopeasti kasvava;1;111
2018;Tervo;844;1432,7;0;650,3;497,1;13,4;91,9;132,1;134;100,8;266,8;710,9;368,9;8,9;5023,6;93,2;57,4;151,2;255,9;58,1;844;Tervo;11;1567;Alle 2000;7;Maaseutumaiset kunnat;4;Väestöään nopeasti menettävä;4;744
2018;Tervola;845;1656,1;311,6;172,1;249,8;6,2;28,4;66,3;10,5;92,4;244,9;582,6;388;0,3;4213,3;101,2;1,6;22,5;218,8;59,8;845;Tervola;19;3062;2000-5000;6;Maaseutumaiset kunnat;4;Väestöään nopeasti menettävä;4;644
2018;Teuva;846;1387,9;0;508,3;331,1;80,8;61,7;190,4;62;294,9;104,5;420,7;301,3;32;4185,3;132;18,4;28,5;195,6;35,1;846;Teuva;14;5158;5001-10000;5;Maaseutumaiset kunnat;4;Väestöään nopeasti menettävä;4;544
2018;Tohmajärvi;848;1218,7;0;620,7;310,6;77,2;156,8;124,5;17,8;244,5;142,6;489,1;258,4;6,5;4244,5;105,8;56,2;24,3;343,2;47,7;848;Tohmajärvi;12;4482;2000-5000;6;Maaseutumaiset kunnat;4;Väestöään nopeasti menettävä;4;644
2018;Toholampi;849;1392,7;0;441,2;237,5;41,5;35,3;106,4;17,7;208,2;87,7;499;166,5;26,7;3773,5;149,1;34,1;0;249;81;849;Toholampi;16;3112;2000-5000;6;Maaseutumaiset kunnat;4;Väestöään nopeasti menettävä;4;644
2018;Toivakka;850;1072,7;153;670;215,7;79,4;23,7;81;42,8;116,8;120,9;417,7;107,6;5,8;3449,3;144,6;38,7;51,1;90,6;17;850;Toivakka;13;2406;2000-5000;6;Maaseutumaiset kunnat;4;Väestöään menettävä;3;643
2018;Tornio;851;1497,3;101,5;235,5;279;41,4;88,5;47,9;40,9;237,8;57,7;375,8;116;29,5;3356,2;62,5;74;5,5;63,2;2,1;851;Tornio;19;21875;20001-40000;3;Kaupunkimaiset kunnat;2;Väestöään menettävä;3;323
2018;Turku;853;1443,8;66,5;266,7;169;52,8;221,5;58,9;47,2;114,2;82,2;216,8;179,5;68,8;3373;57,6;163,7;25,8;135,4;2,7;853;Turku;2;191331;Yli 100000;1;Suuret kaupungit;1;Kasvava;2;112
2018;Pello;854;1692;253,1;640,8;491;45,7;163,2;209,1;35,5;330,4;169,9;688,5;259,7;8,1;5349;112,6;29,4;130;53,2;36,9;854;Pello;19;3438;2000-5000;6;Maaseutumaiset kunnat;4;Väestöään nopeasti menettävä;4;644
2018;Tuusniemi;857;1702,5;0;492;342,6;110,2;234;53,3;141,5;250,9;14,5;766,4;170,9;22;4981,2;96,4;128,6;211,7;210,1;33,7;857;Tuusniemi;11;2551;2000-5000;6;Maaseutumaiset kunnat;4;Väestöään nopeasti menettävä;4;644
2018;Tuusula;858;1102,3;0;226,7;85,4;36,3;147,4;96,1;126;163,6;69,3;403,1;86,9;40,2;2922,5;100,5;46,7;26;164,2;1,8;858;Tuusula;1;38664;20001-40000;3;Kaupunkimaiset kunnat;2;Kasvava;2;322
2018;Tyrnävä;859;1164;151,8;183,5;113,8;57;77,1;34,3;8,1;170,6;79,5;417,6;102,8;0,6;3045,7;86,9;108,9;0;267,1;22,2;859;Tyrnävä;17;6758;5001-10000;5;Maaseutumaiset kunnat;4;Kasvava;2;542
2018;Ulvila;886;1376,9;121,1;286,2;146,6;23,6;91,7;60,7;58,4;173,8;131,2;274,9;164,1;11,1;3281,3;66,7;25;48,3;204,8;16,3;886;Ulvila;4;13021;10001-20000;4;Taajaan asuttu kunta;3;Väestöään menettävä;3;433
2018;Urjala;887;1428,2;40,5;692,4;225,4;14,4;134,2;75,8;122,7;159,8;-7,5;369,2;261,9;8,6;3763,1;75,5;83,3;26,3;26,5;26,1;887;Urjala;6;4792;2000-5000;6;Maaseutumaiset kunnat;4;Väestöään nopeasti menettävä;4;644
2018;Utajärvi;889;1342;157,7;227,2;511,1;10;97;109,2;95,9;305,3;71,1;598,8;232,1;3,3;4072,5;106,6;17;0;152,5;35,9;889;Utajärvi;17;2702;2000-5000;6;Maaseutumaiset kunnat;4;Väestöään nopeasti menettävä;4;644
2018;Utsjoki;890;1301,9;0;198,9;363,6;123,4;0;86;10,6;422,1;119,3;1042,2;863,6;4,1;4816,6;127,4;116,1;0;0;37,3;890;Utsjoki;19;1232;Alle 2000;7;Maaseutumaiset kunnat;4;Väestöään menettävä;3;743
2018;Uurainen;892;1099,9;39,1;314,6;124,5;53,4;65,3;38,3;118,2;71,9;21,9;362,7;103,9;9,8;2774,5;72,4;63,7;2,4;188,7;23,8;892;Uurainen;13;3783;2000-5000;6;Maaseutumaiset kunnat;4;Nopeasti kasvava;1;641
2018;Uusikaarlepyy;893;1014;403,6;42,3;317,4;32,1;52,3;91,5;38,5;105,3;10,7;532,7;444,7;3,9;3501,1;82,2;80,8;18,6;211,9;18,8;893;Uusikaarlepyy;15;7455;5001-10000;5;Maaseutumaiset kunnat;4;Väestöään menettävä;3;543
2018;Uusikaupunki;895;1392,9;291,7;263,1;219,4;41;49,9;75,5;42,7;223,1;77,6;402,1;190,6;51,8;3703,1;88,6;8;14,8;260,3;9,8;895;Uusikaupunki;2;15700;10001-20000;4;Taajaan asuttu kunta;3;Kasvava;2;432
2018;Vaasa;905;1311,1;0;356,5;221,1;35,5;107,2;66;48,3;156;86,9;429,1;168,5;68,1;3389,6;97;78,8;15,6;134,4;9,5;905;Vaasa;15;67552;40001-100000;2;Suuret kaupungit;1;Kasvava;2;212
2018;Valkeakoski;908;1439,5;0;387,3;166,9;40,5;229,8;120,8;65;183;33,9;354,5;250,7;20,7;3502,2;65,7;57,1;3;72,9;10,9;908;Valkeakoski;6;21137;20001-40000;3;Kaupunkimaiset kunnat;2;Kasvava;2;322
2018;Valtimo;911;1172,2;0;958,9;463,4;9,8;14,9;305,6;64,9;581;140,9;622,5;335,5;0;5121,3;99,9;7,9;0;280,4;63,5;911;Valtimo;12;2 143;2001-5000;6;Maaseutumaiset kunnat;4;Nopeasti taantuva;4;644
2018;Varkaus;915;1477,1;0;633,5;253,2;114,9;127,7;50,1;20,7;177,4;87,6;496,5;125,8;38,9;4037,7;85,6;132,4;31,3;175,4;9,7;915;Varkaus;11;20829;20001-40000;3;Kaupunkimaiset kunnat;2;Väestöään nopeasti menettävä;4;324
2018;Vehmaa;918;1695,4;0;768,5;156,2;40,3;218,8;51,6;105,5;217,1;11,4;543,1;287,1;21,9;4516,8;143,1;26,3;66,1;130,9;33,7;918;Vehmaa;2;2285;2000-5000;6;Maaseutumaiset kunnat;4;Väestöään menettävä;3;643
2018;Vesanto;921;1675,4;0;669,6;365,4;75,3;97,7;339,2;32,6;258,5;80,7;651,1;409,6;7,8;5202,1;112,2;90,4;54,9;224,5;57,3;921;Vesanto;11;2058;2000-5000;6;Maaseutumaiset kunnat;4;Väestöään nopeasti menettävä;4;644
2018;Vesilahti;922;1201,7;153,4;222,2;205,1;128,2;140,7;51,9;86,5;142,5;35,5;460,3;94,7;13,2;3198;95,6;27,1;1,4;114,7;23,4;922;Vesilahti;6;4393;2000-5000;6;Maaseutumaiset kunnat;4;Väestöään menettävä;3;643
2018;Veteli;924;1238,2;0;540,4;535,1;85;97,6;151,9;16,1;163,6;196,8;436,2;312,1;23,7;4276,4;151,6;45,2;0;221,7;61,3;924;Veteli;16;3166;2000-5000;6;Maaseutumaiset kunnat;4;Väestöään nopeasti menettävä;4;644
2018;Vieremä;925;1200,8;59,6;557,4;312,3;24,8;115,1;131,1;68,6;184,4;36,2;320,2;210,3;27,5;3683,4;74,5;94,7;27,2;199,7;39,2;925;Vieremä;11;3676;2000-5000;6;Maaseutumaiset kunnat;4;Väestöään nopeasti menettävä;4;644
2018;Vihti;927;1139,8;1,3;182,8;128,6;74,8;165,8;27;56,7;227,5;84,7;341,7;125,2;22,4;2926,7;76,1;82,7;7,2;171,3;11,1;927;Vihti;1;29211;20001-40000;3;Taajaan asuttu kunta;3;Kasvava;2;332
2018;Viitasaari;931;1150,5;152,6;573,8;317,2;19,6;190,3;342,8;41,7;295,7;171,5;596,7;231,8;22,8;4423,7;86;29,7;0;165,7;35,3;931;Viitasaari;13;6264;5001-10000;5;Maaseutumaiset kunnat;4;Väestöään nopeasti menettävä;4;544
2018;Vimpeli;934;1353,3;0;729,1;234,7;50,7;74,5;75,5;55,8;215,4;191,3;470,9;176,1;9,7;4014,1;112,7;31,7;53,8;154,1;24,8;934;Vimpeli;14;2901;2000-5000;6;Maaseutumaiset kunnat;4;Väestöään nopeasti menettävä;4;644
2018;Virolahti;935;1258,1;0;575,6;231,1;15,2;92,1;95,9;41,6;141,6;49,5;503,8;93;33;3396,2;92,4;50,5;0;92,7;30,2;935;Virolahti;8;3150;2000-5000;6;Maaseutumaiset kunnat;4;Väestöään nopeasti menettävä;4;644
2018;Virrat;936;1464,6;197,2;580,9;248,6;39,6;70,6;73,5;27,3;168,6;54,2;457,5;363,1;13,9;4110;88;43,9;17,1;169,5;31,9;936;Virrat;6;6739;5001-10000;5;Maaseutumaiset kunnat;4;Väestöään nopeasti menettävä;4;544
2018;Vöyri;946;1149,1;120,8;501,7;195,5;35,7;10,1;81,8;11,6;173,4;105,1;476,2;227,7;6,4;3375,3;78;49,3;0;132,9;19,8;946;Vöyri;15;6613;5001-10000;5;Maaseutumaiset kunnat;4;Väestöään menettävä;3;543
2018;Ylitornio;976;1674;0;931,4;451,5;74,3;198,9;59,2;63,6;348,1;7;656,6;431,1;8;5469,2;135;60,9;53;269;47,5;976;Ylitornio;19;4022;2000-5000;6;Maaseutumaiset kunnat;4;Väestöään nopeasti menettävä;4;644
2018;Ylivieska;977;1212,3;0;367,7;155,9;68,7;144,2;157,8;34,5;162;60,2;430,7;181,8;26,6;3372,3;108,1;157,9;8,8;73,5;21,5;977;Ylivieska;17;15212;10001-20000;4;Taajaan asuttu kunta;3;Kasvava;2;432
2018;Ylöjärvi;980;999,4;57,2;171;128,1;48,5;159,2;44,4;97,1;187,3;6,3;405,7;138,2;27,5;2712,2;80,1;68;47,1;37,6;9,6;980;Ylöjärvi;6;32983;20001-40000;3;Kaupunkimaiset kunnat;2;Kasvava;2;322
2018;Ypäjä;981;1369,5;344,9;314;233,3;105,2;83,6;83,6;36,5;107,8;35,2;256,3;8,9;9,8;3284,3;100,6;1,7;0;170,1;23,3;981;Ypäjä;5;2357;2000-5000;6;Maaseutumaiset kunnat;4;Väestöään nopeasti menettävä;4;644
2018;Ähtäri;989;1628,3;0,2;592,3;386,5;12,3;129,4;48,7;35,9;134;237,8;528,7;267,4;11,2;4419,8;156,8;4,7;1,8;221,5;22,4;989;Ähtäri;14;5703;5001-10000;5;Maaseutumaiset kunnat;4;Väestöään nopeasti menettävä;4;544
2018;Äänekoski;992;1149,2;148,6;304,6;202,6;62;106,4;129,1;24,7;153,6;111,5;507,5;254,8;33,2;3536,3;104,2;84,8;19,6;125,1;14,9;992;Äänekoski;13;18851;10001-20000;4;Taajaan asuttu kunta;3;Väestöään nopeasti menettävä;4;434
© THL, Tilasto- ja indikaattoripankki Sotkanet.fi 2005-2020;;;;;;;;;;;;;;;;;;;;;;;;;;;;;;;;
