kuntanumer;kuntanimi;kunta_nimi;asukasluku_2018;kuntakoko_2018;kunta_koko_lk;kuntatyyppi;kuntatyyppi_lk;vaestonmuutos;vaestonmuutos_lk;b_vaestonmuutos;b_v�estmuutos_lk;yhdistelm�koodi;jarj_tapa_tunnus;jarj_tapa;shpnro;shp_nimi;maakunta;maak_nro;ERVA;jarj_id;jarj
20;Akaa;Akaa;16611;10001-20000;4;Taajaan asuttu kunta;3;vaestoaan menettava;3;vaesto vahenee;20;433;302;vk tervhuolto ja yksittaisia sospalveluja;6;Pirkanmaa;Pirkanmaa;6;TAYS;1;Akaan ja Urjalan yhteistoiminta-alue
5;Alaj�rvi;Alaj�rvi;9700;5001-10000;5;Taajaan asuttu kunta;3;vaestoaan nopeasti menettava;4;vaesto vahenee;20;534;301;vastuukunta koko sote;15;Etel�-Pohjanmaa;Etel�-Pohjanmaa;14;TAYS;99;J�rvi-Pohjanmaan perusturva, yhteistoiminta-alue
9;Alavieska;Alavieska;2573;2000-5000;6;Maaseutumaiset kunnat;4;vaestoaan nopeasti menettava;4;vaesto vahenee;20;644;201;ky koko sote;18;Pohjois-Pohjanmaa;Pohjois-Pohjanmaa;17;OYS;267;Peruspalvelukuntayhtym� Kallio
10;Alavus;Alavus;11544;10001-20000;4;Maaseutumaiset kunnat;4;vaestoaan nopeasti menettava;4;vaesto vahenee;20;444;201;ky koko sote;15;Etel�-Pohjanmaa;Etel�-Pohjanmaa;14;TAYS;172;Kuusiokuntien sosiaali- ja terveyskuntayhtym� (KuusSoTe)
16;Asikkala;Asikkala;8149;5001-10000;5;Taajaan asuttu kunta;3;vaestoaan menettava;3;vaesto vahenee;20;533;201;ky koko sote;7;P�ij�t-H�me;P�ij�t-H�me;7;HYKS;312;P�ij�t-H�meen hyvinvointikuntayhtym�
18;Askola;Askola;4958;2000-5000;6;Maaseutumaiset kunnat;4;vaestoaan menettava;3;vaesto vahenee;20;643;101;kunta, koko sote;25;Helsinki-Uusimaa;Uusimaa;1;HYKS;4;Askola
19;Aura;Aura;3984;2000-5000;6;Maaseutumaiset kunnat;4;Kasvava;2;vaesto lisaantyy;10;642;203;ky vain terv.huolto;3;Varsinais-Suomi;Varsinais-Suomi;2;TYKS;316;P�yty�n kansanterveysty�n ky
46;Enonkoski;Enonkoski;1405;Alle 2000;7;Maaseutumaiset kunnat;4;vaestoaan nopeasti menettava;4;vaesto vahenee;20;744;202;ky terv.huolto ja yksittaisia sospalveluja;11;It�-Savo;Etel�-Savo;10;KYS;80;It�-Savon sairaanhoitopiirin kuntayhtym�
47;Enonteki�;Enonteki�;1852;Alle 2000;7;Maaseutumaiset kunnat;4;vaestoaan menettava;3;vaesto vahenee;20;743;203;ky vain terv.huolto;21;Lappi;Lappi;19;OYS;184;Lapin sairaanhoitopiiri
49;Espoo;Espoo;283632;Yli 100000;1;Suuret kaupungit;1;Nopeasti kasvava;1;vaesto lisaantyy;10;111;101;kunta, koko sote;25;Helsinki-Uusimaa;Uusimaa;1;HYKS;13;Espoo
50;Eura;Eura;11748;10001-20000;4;Taajaan asuttu kunta;3;vaestoaan nopeasti menettava;4;vaesto vahenee;20;434;101;kunta, koko sote;4;Satakunta;Satakunta;4;TYKS;22;Eura
51;Eurajoki;Eurajoki;9454;5001-10000;5;Maaseutumaiset kunnat;4;Kasvava;2;vaesto lisaantyy;10;542;202;ky terv.huolto ja yksittaisia sospalveluja;4;Satakunta;Satakunta;4;TYKS;139;Keski-Satakunnan terveydenhuollon ky
52;Evij�rvi;Evij�rvi;2473;2000-5000;6;Maaseutumaiset kunnat;4;vaestoaan nopeasti menettava;4;vaesto vahenee;20;644;201;ky koko sote;15;Etel�-Pohjanmaa;Etel�-Pohjanmaa;14;TAYS;162;Kuntayhtym� Kaksineuvoinen
61;Forssa;Forssa;17028;10001-20000;4;Kaupunkimaiset kunnat;2;vaestoaan menettava;3;vaesto vahenee;20;423;201;ky koko sote;5;Kanta-H�me;Kanta-H�me;5;TAYS;28;Forssan seudun hyvinvointikuntayhtym�
69;Haapaj�rvi;Haapaj�rvi;7147;5001-10000;5;Taajaan asuttu kunta;3;vaestoaan nopeasti menettava;4;vaesto vahenee;20;534;201;ky koko sote;18;Pohjois-Pohjanmaa;Pohjois-Pohjanmaa;17;OYS;270;Peruspalvelukuntayhtym� Sel�nne
71;Haapavesi;Haapavesi;6854;5001-10000;5;Maaseutumaiset kunnat;4;vaestoaan nopeasti menettava;4;vaesto vahenee;20;544;302;vk tervhuolto ja yksittaisia sospalveluja;18;Pohjois-Pohjanmaa;Pohjois-Pohjanmaa;17;OYS;384;Sosiaali- ja terveyspiiri Helmi
72;Hailuoto;Hailuoto;974;Alle 2000;7;Maaseutumaiset kunnat;4;vaestoaan menettava;3;vaesto vahenee;20;743;101;kunta, koko sote;18;Pohjois-Pohjanmaa;Pohjois-Pohjanmaa;17;OYS;37;Hailuoto
74;Halsua;Halsua;1165;Alle 2000;7;Maaseutumaiset kunnat;4;vaestoaan nopeasti menettava;4;vaesto vahenee;20;744;201;ky koko sote;17;Keski-Pohjanmaa;Keski-Pohjanmaa;16;OYS;136;Keski-Pohjanmaan sosiaali- ja terveyspalvelukuntayhtym� Soite
75;Hamina;Hamina;20286;20001-40000;3;Kaupunkimaiset kunnat;2;vaestoaan menettava;3;vaesto vahenee;20;323;101;kunta, koko sote;8;Kymenlaakso;Kymenlaakso;8;HYKS;40;Hamina
77;Hankasalmi;Hankasalmi;4939;2000-5000;6;Maaseutumaiset kunnat;4;vaestoaan nopeasti menettava;4;vaesto vahenee;20;644;302;vk tervhuolto ja yksittaisia sospalveluja;14;Keski-Suomi;Keski-Suomi;13;KYS;91;Jyv�skyl�n, Hankasalmen ja Uuraisten yhteistoiminta-alue
78;Hanko;Hanko;8379;5001-10000;5;Kaupunkimaiset kunnat;2;vaestoaan nopeasti menettava;4;vaesto vahenee;20;524;101;kunta, koko sote;25;Helsinki-Uusimaa;Uusimaa;1;HYKS;45;Hanko
79;Harjavalta;Harjavalta;7018;5001-10000;5;Kaupunkimaiset kunnat;2;vaestoaan nopeasti menettava;4;vaesto vahenee;20;524;202;ky terv.huolto ja yksittaisia sospalveluja;4;Satakunta;Satakunta;4;TYKS;139;Keski-Satakunnan terveydenhuollon ky
81;Hartola;Hartola;2780;2000-5000;6;Maaseutumaiset kunnat;4;vaestoaan nopeasti menettava;4;vaesto vahenee;20;644;201;ky koko sote;7;P�ij�t-H�me;P�ij�t-H�me;7;HYKS;312;P�ij�t-H�meen hyvinvointikuntayhtym�
82;Hattula;Hattula;9475;5001-10000;5;Taajaan asuttu kunta;3;vaestoaan menettava;3;vaesto vahenee;20;533;101;kunta, koko sote;5;Kanta-H�me;Kanta-H�me;5;TAYS;48;Hattula
86;Hausj�rvi;Hausj�rvi;8417;5001-10000;5;Maaseutumaiset kunnat;4;vaestoaan menettava;3;vaesto vahenee;20;543;202;ky terv.huolto ja yksittaisia sospalveluja;5;Kanta-H�me;Kanta-H�me;5;TAYS;338;Riihim�en seudun terveyskeskuksen ky
111;Heinola;Heinola;18889;10001-20000;4;Kaupunkimaiset kunnat;2;vaestoaan nopeasti menettava;4;vaesto vahenee;20;424;101;kunta, koko sote;7;P�ij�t-H�me;P�ij�t-H�me;7;HYKS;51;Heinola
90;Hein�vesi;Hein�vesi;3329;2000-5000;6;Maaseutumaiset kunnat;4;vaestoaan nopeasti menettava;4;vaesto vahenee;20;644;201;ky koko sote;12;Pohjois-Karjala;Etel�-Savo;10;KYS;290;Pohjois-Karjalan sosiaali- ja terveyspalvelujen kuntayhtym� Siun sote
91;Helsinki;Helsinki;648042;Yli 100000;1;Suuret kaupungit;1;Nopeasti kasvava;1;vaesto lisaantyy;10;111;101;kunta, koko sote;25;Helsinki-Uusimaa;Uusimaa;1;HYKS;54;Helsinki
97;Hirvensalmi;Hirvensalmi;2152;2000-5000;6;Maaseutumaiset kunnat;4;vaestoaan nopeasti menettava;4;vaesto vahenee;20;644;201;ky koko sote;10;Etel�-Savo;Etel�-Savo;10;KYS;19;Etel�-Savon sosiaali- ja terveyspalvelujen kuntayhtym� Essote
98;Hollola;Hollola;23602;20001-40000;3;Kaupunkimaiset kunnat;2;vaestoaan menettava;3;vaesto vahenee;20;323;201;ky koko sote;7;P�ij�t-H�me;P�ij�t-H�me;7;HYKS;312;P�ij�t-H�meen hyvinvointikuntayhtym�
99;Honkajoki;Honkajoki;1666;Alle 2000;7;Maaseutumaiset kunnat;4;vaestoaan nopeasti menettava;4;vaesto vahenee;20;744;201;ky koko sote;4;Satakunta;Satakunta;4;TYKS;293;Pohjois-Satakunnan peruspalvelukuntayhtym� PoSa
102;Huittinen;Huittinen;10091;10001-20000;4;Taajaan asuttu kunta;3;vaestoaan menettava;3;vaesto vahenee;20;433;101;kunta, koko sote;4;Satakunta;Satakunta;4;TYKS;57;Huittinen
103;Humppila;Humppila;2235;2000-5000;6;Maaseutumaiset kunnat;4;vaestoaan nopeasti menettava;4;vaesto vahenee;20;644;201;ky koko sote;5;Kanta-H�me;Kanta-H�me;5;TAYS;28;Forssan seudun hyvinvointikuntayhtym�
105;Hyrynsalmi;Hyrynsalmi;2287;2000-5000;6;Maaseutumaiset kunnat;4;vaestoaan nopeasti menettava;4;vaesto vahenee;20;644;201;ky koko sote;19;Kainuu;Kainuu;18;OYS;106;Kainuun sosiaali- ja terveydenhuollon kuntayhtym�
106;Hyvink��;Hyvink��;46504;40001-100000;2;Kaupunkimaiset kunnat;2;Kasvava;2;vaesto lisaantyy;10;222;201;ky koko sote;25;Helsinki-Uusimaa;Uusimaa;1;HYKS;144;Keski-Uudenmaan sote-kuntayhtym�
108;H�meenkyr�;H�meenkyr�;10510;10001-20000;4;Taajaan asuttu kunta;3;vaestoaan menettava;3;vaesto vahenee;20;433;101;kunta, koko sote;6;Pirkanmaa;Pirkanmaa;6;TAYS;61;H�meenkyr�
109;H�meenlinna;H�meenlinna;67532;40001-100000;2;Suuret kaupungit;1;vaestoaan menettava;3;vaesto vahenee;20;213;101;kunta, koko sote;5;Kanta-H�me;Kanta-H�me;5;TAYS;64;H�meenlinna
139;Ii;Ii;9862;5001-10000;5;Taajaan asuttu kunta;3;Kasvava;2;vaesto lisaantyy;10;532;201;ky koko sote;18;Pohjois-Pohjanmaa;Pohjois-Pohjanmaa;17;OYS;249;Oulunkaaren kuntayhtym�
140;Iisalmi;Iisalmi;21472;20001-40000;3;Kaupunkimaiset kunnat;2;vaestoaan menettava;3;vaesto vahenee;20;323;201;ky koko sote;13;Pohjois-Savo;Pohjois-Savo;11;KYS;454;Yl�-Savon sosiaali- ja terveydenhuollon ky
142;Iitti;Iitti;6765;5001-10000;5;Maaseutumaiset kunnat;4;vaestoaan menettava;3;vaesto vahenee;20;543;201;ky koko sote;7;P�ij�t-H�me;Kymenlaakso;8;HYKS;312;P�ij�t-H�meen hyvinvointikuntayhtym�
143;Ikaalinen;Ikaalinen;7003;5001-10000;5;Maaseutumaiset kunnat;4;vaestoaan menettava;3;vaesto vahenee;20;543;101;kunta, koko sote;6;Pirkanmaa;Pirkanmaa;6;TAYS;70;Ikaalinen
145;Ilmajoki;Ilmajoki;12187;10001-20000;4;Taajaan asuttu kunta;3;Kasvava;2;vaesto lisaantyy;10;432;202;ky terv.huolto ja yksittaisia sospalveluja;15;Etel�-Pohjanmaa;Etel�-Pohjanmaa;14;TAYS;85;JIK-peruspalveluliikelaitoskuntayhtym�
146;Ilomantsi;Ilomantsi;4973;2000-5000;6;Maaseutumaiset kunnat;4;vaestoaan nopeasti menettava;4;vaesto vahenee;20;644;201;ky koko sote;12;Pohjois-Karjala;Pohjois-Karjala;12;KYS;290;Pohjois-Karjalan sosiaali- ja terveyspalvelujen kuntayhtym� Siun sote
153;Imatra;Imatra;26932;20001-40000;3;Kaupunkimaiset kunnat;2;vaestoaan menettava;3;vaesto vahenee;20;323;201;ky koko sote;9;Etel�-Karjala;Etel�-Karjala;9;HYKS;16;Etel�-Karjalan sosiaali- ja terveyspiiri Eksote
148;Inari;Inari;6930;5001-10000;5;Maaseutumaiset kunnat;4;Kasvava;2;vaesto lisaantyy;10;542;101;kunta, koko sote;21;Lappi;Lappi;19;OYS;73;Inari
149;Inkoo;Inkoo;5403;5001-10000;5;Maaseutumaiset kunnat;4;vaestoaan menettava;3;vaesto vahenee;20;543;101;kunta, koko sote;25;Helsinki-Uusimaa;Uusimaa;1;HYKS;76;Inkoo
151;Isojoki;Isojoki;1976;Alle 2000;7;Maaseutumaiset kunnat;4;vaestoaan nopeasti menettava;4;vaesto vahenee;20;744;201;ky koko sote;15;Etel�-Pohjanmaa;Etel�-Pohjanmaa;14;TAYS;396;Suupohjan peruspalveluliikelaitoskuntayhtym�
152;Isokyr�;Isokyr�;4601;2000-5000;6;Maaseutumaiset kunnat;4;vaestoaan nopeasti menettava;4;vaesto vahenee;20;644;303;vk vain terv.huolto;15;Etel�-Pohjanmaa;Pohjanmaa;15;TAYS;359;Sein�joen ja Isokyr�n yhteistoiminta-alue
165;Janakkala;Janakkala;16447;10001-20000;4;Taajaan asuttu kunta;3;vaestoaan menettava;3;vaesto vahenee;20;433;101;kunta, koko sote;5;Kanta-H�me;Kanta-H�me;5;TAYS;82;Janakkala
167;Joensuu;Joensuu;76551;40001-100000;2;Suuret kaupungit;1;Kasvava;2;vaesto lisaantyy;10;212;201;ky koko sote;12;Pohjois-Karjala;Pohjois-Karjala;12;KYS;290;Pohjois-Karjalan sosiaali- ja terveyspalvelujen kuntayhtym� Siun sote
169;Jokioinen;Jokioinen;5195;5001-10000;5;Maaseutumaiset kunnat;4;vaestoaan nopeasti menettava;4;vaesto vahenee;20;544;201;ky koko sote;5;Kanta-H�me;Kanta-H�me;5;TAYS;28;Forssan seudun hyvinvointikuntayhtym�
171;Joroinen;Joroinen;4812;2000-5000;6;Maaseutumaiset kunnat;4;vaestoaan nopeasti menettava;4;vaesto vahenee;20;644;301;vastuukunta koko sote;10;Etel�-Savo;Etel�-Savo;10;KYS;439;Varkauden ja Joroisten yhteistoiminta-alue
172;Joutsa;Joutsa;4467;2000-5000;6;Maaseutumaiset kunnat;4;vaestoaan nopeasti menettava;4;vaesto vahenee;20;644;202;ky terv.huolto ja yksittaisia sospalveluja;14;Keski-Suomi;Keski-Suomi;13;KYS;142;Keski-Suomen sairaanhoitopiiri/Keski-Suomen seututerveyskeskus
176;Juuka;Juuka;4709;2000-5000;6;Maaseutumaiset kunnat;4;vaestoaan nopeasti menettava;4;vaesto vahenee;20;644;201;ky koko sote;12;Pohjois-Karjala;Pohjois-Karjala;12;KYS;290;Pohjois-Karjalan sosiaali- ja terveyspalvelujen kuntayhtym� Siun sote
177;Juupajoki;Juupajoki;1884;Alle 2000;7;Maaseutumaiset kunnat;4;vaestoaan nopeasti menettava;4;vaesto vahenee;20;744;301;vastuukunta koko sote;6;Pirkanmaa;Pirkanmaa;6;TAYS;233;M�ntt�-Vilppulan ja Juupajoen yhteistoiminta-alue
178;Juva;Juva;6225;5001-10000;5;Maaseutumaiset kunnat;4;vaestoaan nopeasti menettava;4;vaesto vahenee;20;544;201;ky koko sote;10;Etel�-Savo;Etel�-Savo;10;KYS;19;Etel�-Savon sosiaali- ja terveyspalvelujen kuntayhtym� Essote
179;Jyv�skyl�;Jyv�skyl�;141305;Yli 100000;1;Suuret kaupungit;1;Kasvava;2;vaesto lisaantyy;10;112;302;vk tervhuolto ja yksittaisia sospalveluja;14;Keski-Suomi;Keski-Suomi;13;KYS;91;Jyv�skyl�n, Hankasalmen ja Uuraisten yhteistoiminta-alue
181;J�mij�rvi;J�mij�rvi;1809;Alle 2000;7;Maaseutumaiset kunnat;4;vaestoaan nopeasti menettava;4;vaesto vahenee;20;744;201;ky koko sote;4;Satakunta;Satakunta;4;TYKS;293;Pohjois-Satakunnan peruspalvelukuntayhtym� PoSa
182;J�ms�;J�ms�;20607;20001-40000;3;Taajaan asuttu kunta;3;vaestoaan nopeasti menettava;4;vaesto vahenee;20;334;301;vastuukunta koko sote;6;Pirkanmaa;Keski-Suomi;13;TAYS;94;J�ms�n ja Kuhmoisten yhteistoiminta-alue
186;J�rvenp��;J�rvenp��;43410;40001-100000;2;Kaupunkimaiset kunnat;2;Nopeasti kasvava;1;vaesto lisaantyy;10;221;201;ky koko sote;25;Helsinki-Uusimaa;Uusimaa;1;HYKS;144;Keski-Uudenmaan sote-kuntayhtym�
202;Kaarina;Kaarina;33458;20001-40000;3;Kaupunkimaiset kunnat;2;Nopeasti kasvava;1;vaesto lisaantyy;10;321;101;kunta, koko sote;3;Varsinais-Suomi;Varsinais-Suomi;2;TYKS;101;Kaarina
204;Kaavi;Kaavi;2990;2000-5000;6;Maaseutumaiset kunnat;4;vaestoaan nopeasti menettava;4;vaesto vahenee;20;644;202;ky terv.huolto ja yksittaisia sospalveluja;13;Pohjois-Savo;Pohjois-Savo;11;KYS;296;Pohjois-Savon sairaanhoitopiiri, perusterveydenhuollon ja vanhusten laitoshoidon liikelaitos Kysteri
205;Kajaani;Kajaani;36973;20001-40000;3;Kaupunkimaiset kunnat;2;vaestoaan menettava;3;vaesto vahenee;20;323;201;ky koko sote;19;Kainuu;Kainuu;18;OYS;106;Kainuun sosiaali- ja terveydenhuollon kuntayhtym�
208;Kalajoki;Kalajoki;12387;10001-20000;4;Taajaan asuttu kunta;3;vaestoaan menettava;3;vaesto vahenee;20;433;301;vastuukunta koko sote;18;Pohjois-Pohjanmaa;Pohjois-Pohjanmaa;17;OYS;107;Kalajoen ja Merij�rven yhteistoiminta-alue
211;Kangasala;Kangasala;31676;20001-40000;3;Kaupunkimaiset kunnat;2;Kasvava;2;vaesto lisaantyy;10;322;301;vastuukunta koko sote;6;Pirkanmaa;Pirkanmaa;6;TAYS;110;Kangasalan ja P�lk�neen yhteistoiminta-alue
213;Kangasniemi;Kangasniemi;5452;5001-10000;5;Maaseutumaiset kunnat;4;vaestoaan nopeasti menettava;4;vaesto vahenee;20;544;201;ky koko sote;10;Etel�-Savo;Etel�-Savo;10;KYS;19;Etel�-Savon sosiaali- ja terveyspalvelujen kuntayhtym� Essote
214;Kankaanp��;Kankaanp��;11471;10001-20000;4;Taajaan asuttu kunta;3;vaestoaan menettava;3;vaesto vahenee;20;433;201;ky koko sote;4;Satakunta;Satakunta;4;TYKS;293;Pohjois-Satakunnan peruspalvelukuntayhtym� PoSa
216;Kannonkoski;Kannonkoski;1353;Alle 2000;7;Maaseutumaiset kunnat;4;vaestoaan nopeasti menettava;4;vaesto vahenee;20;744;201;ky koko sote;14;Keski-Suomi;Keski-Suomi;13;KYS;278;Perusturvaliikelaitos Saarikka
217;Kannus;Kannus;5502;5001-10000;5;Maaseutumaiset kunnat;4;vaestoaan menettava;3;vaesto vahenee;20;543;201;ky koko sote;17;Keski-Pohjanmaa;Keski-Pohjanmaa;16;OYS;136;Keski-Pohjanmaan sosiaali- ja terveyspalvelukuntayhtym� Soite
218;Karijoki;Karijoki;1274;Alle 2000;7;Maaseutumaiset kunnat;4;vaestoaan nopeasti menettava;4;vaesto vahenee;20;744;201;ky koko sote;15;Etel�-Pohjanmaa;Etel�-Pohjanmaa;14;TAYS;396;Suupohjan peruspalveluliikelaitoskuntayhtym�
224;Karkkila;Karkkila;8778;5001-10000;5;Taajaan asuttu kunta;3;vaestoaan menettava;3;vaesto vahenee;20;533;201;ky koko sote;25;Helsinki-Uusimaa;Uusimaa;1;HYKS;276;Perusturvakuntayhtym� Karviainen
226;Karstula;Karstula;4031;2000-5000;6;Maaseutumaiset kunnat;4;vaestoaan nopeasti menettava;4;vaesto vahenee;20;644;201;ky koko sote;14;Keski-Suomi;Keski-Suomi;13;KYS;278;Perusturvaliikelaitos Saarikka
230;Karvia;Karvia;2390;2000-5000;6;Maaseutumaiset kunnat;4;vaestoaan nopeasti menettava;4;vaesto vahenee;20;644;201;ky koko sote;4;Satakunta;Satakunta;4;TYKS;293;Pohjois-Satakunnan peruspalvelukuntayhtym� PoSa
231;Kaskinen;Kaskinen;1262;Alle 2000;7;Kaupunkimaiset kunnat;2;vaestoaan nopeasti menettava;4;vaesto vahenee;20;724;201;ky koko sote;16;Vaasa;Pohjanmaa;15;TYKS;326;Rannikko-Pohjanmaan sosiaali- ja perusterveydenhuollon ky
232;Kauhajoki;Kauhajoki;13375;10001-20000;4;Taajaan asuttu kunta;3;vaestoaan menettava;3;vaesto vahenee;20;433;201;ky koko sote;15;Etel�-Pohjanmaa;Etel�-Pohjanmaa;14;TAYS;396;Suupohjan peruspalveluliikelaitoskuntayhtym�
233;Kauhava;Kauhava;16022;10001-20000;4;Taajaan asuttu kunta;3;vaestoaan nopeasti menettava;4;vaesto vahenee;20;434;201;ky koko sote;15;Etel�-Pohjanmaa;Etel�-Pohjanmaa;14;TAYS;162;Kuntayhtym� Kaksineuvoinen
235;Kauniainen;Kauniainen;9615;5001-10000;5;Kaupunkimaiset kunnat;2;Nopeasti kasvava;1;vaesto lisaantyy;10;521;101;kunta, koko sote;25;Helsinki-Uusimaa;Uusimaa;1;HYKS;113;Kauniainen
236;Kaustinen;Kaustinen;4273;2000-5000;6;Maaseutumaiset kunnat;4;vaestoaan menettava;3;vaesto vahenee;20;643;201;ky koko sote;17;Keski-Pohjanmaa;Keski-Pohjanmaa;16;OYS;136;Keski-Pohjanmaan sosiaali- ja terveyspalvelukuntayhtym� Soite
239;Keitele;Keitele;2244;2000-5000;6;Maaseutumaiset kunnat;4;vaestoaan nopeasti menettava;4;vaesto vahenee;20;644;202;ky terv.huolto ja yksittaisia sospalveluja;13;Pohjois-Savo;Pohjois-Savo;11;KYS;296;Pohjois-Savon sairaanhoitopiiri, perusterveydenhuollon ja vanhusten laitoshoidon liikelaitos Kysteri
240;Kemi;Kemi;21021;20001-40000;3;Kaupunkimaiset kunnat;2;vaestoaan nopeasti menettava;4;vaesto vahenee;20;324;101;kunta, koko sote;20;L�nsi-Pohja;Lappi;19;OYS;116;Kemi
320;Kemij�rvi;Kemij�rvi;7370;5001-10000;5;Taajaan asuttu kunta;3;vaestoaan nopeasti menettava;4;vaesto vahenee;20;534;101;kunta, koko sote;21;Lappi;Lappi;19;OYS;119;Kemij�rvi
241;Keminmaa;Keminmaa;8147;5001-10000;5;Taajaan asuttu kunta;3;vaestoaan menettava;3;vaesto vahenee;20;533;101;kunta, koko sote;20;L�nsi-Pohja;Lappi;19;OYS;122;Keminmaa
322;Kemi�nsaari;Kemi�nsaari;6724;5001-10000;5;Maaseutumaiset kunnat;4;vaestoaan menettava;3;vaesto vahenee;20;543;101;kunta, koko sote;3;Varsinais-Suomi;Varsinais-Suomi;2;TYKS;125;Kemi�nsaari
244;Kempele;Kempele;17923;10001-20000;4;Kaupunkimaiset kunnat;2;Nopeasti kasvava;1;vaesto lisaantyy;10;421;101;kunta, koko sote;18;Pohjois-Pohjanmaa;Pohjois-Pohjanmaa;17;OYS;128;Kempele
245;Kerava;Kerava;36254;20001-40000;3;Kaupunkimaiset kunnat;2;Kasvava;2;vaesto lisaantyy;10;322;101;kunta, koko sote;25;Helsinki-Uusimaa;Uusimaa;1;HYKS;131;Kerava
249;Keuruu;Keuruu;9762;5001-10000;5;Taajaan asuttu kunta;3;vaestoaan nopeasti menettava;4;vaesto vahenee;20;534;202;ky terv.huolto ja yksittaisia sospalveluja;14;Keski-Suomi;Keski-Suomi;13;KYS;142;Keski-Suomen sairaanhoitopiiri/Keski-Suomen seututerveyskeskus
250;Kihni�;Kihni�;1910;Alle 2000;7;Maaseutumaiset kunnat;4;vaestoaan nopeasti menettava;4;vaesto vahenee;20;744;301;vastuukunta koko sote;6;Pirkanmaa;Pirkanmaa;6;TAYS;258;Parkanon ja Kihni�n yhteistoiminta-alue
256;Kinnula;Kinnula;1615;Alle 2000;7;Maaseutumaiset kunnat;4;vaestoaan nopeasti menettava;4;vaesto vahenee;20;744;301;vastuukunta koko sote;14;Keski-Suomi;Keski-Suomi;13;KYS;442;Viitasaaren, Kinnulan ja Pihtiputaan yhteistoiminta-alue
257;Kirkkonummi;Kirkkonummi;39262;20001-40000;3;Kaupunkimaiset kunnat;2;Kasvava;2;vaesto lisaantyy;10;322;101;kunta, koko sote;25;Helsinki-Uusimaa;Uusimaa;1;HYKS;147;Kirkkonummi
260;Kitee;Kitee;10358;10001-20000;4;Maaseutumaiset kunnat;4;vaestoaan nopeasti menettava;4;vaesto vahenee;20;444;201;ky koko sote;12;Pohjois-Karjala;Pohjois-Karjala;12;KYS;290;Pohjois-Karjalan sosiaali- ja terveyspalvelujen kuntayhtym� Siun sote
261;Kittil�;Kittil�;6436;5001-10000;5;Maaseutumaiset kunnat;4;vaestoaan menettava;3;vaesto vahenee;20;543;101;kunta, koko sote;21;Lappi;Lappi;19;OYS;150;Kittil�
263;Kiuruvesi;Kiuruvesi;8153;5001-10000;5;Maaseutumaiset kunnat;4;vaestoaan nopeasti menettava;4;vaesto vahenee;20;544;201;ky koko sote;13;Pohjois-Savo;Pohjois-Savo;11;KYS;454;Yl�-Savon sosiaali- ja terveydenhuollon ky
265;Kivij�rvi;Kivij�rvi;1103;Alle 2000;7;Maaseutumaiset kunnat;4;vaestoaan nopeasti menettava;4;vaesto vahenee;20;744;201;ky koko sote;14;Keski-Suomi;Keski-Suomi;13;KYS;278;Perusturvaliikelaitos Saarikka
271;Kokem�ki;Kokem�ki;7226;5001-10000;5;Maaseutumaiset kunnat;4;vaestoaan nopeasti menettava;4;vaesto vahenee;20;544;202;ky terv.huolto ja yksittaisia sospalveluja;4;Satakunta;Satakunta;4;TYKS;139;Keski-Satakunnan terveydenhuollon ky
272;Kokkola;Kokkola;47657;40001-100000;2;Kaupunkimaiset kunnat;2;Kasvava;2;vaesto lisaantyy;10;222;201;ky koko sote;17;Keski-Pohjanmaa;Keski-Pohjanmaa;16;OYS;136;Keski-Pohjanmaan sosiaali- ja terveyspalvelukuntayhtym� Soite
273;Kolari;Kolari;3834;2000-5000;6;Maaseutumaiset kunnat;4;vaestoaan menettava;3;vaesto vahenee;20;643;101;kunta, koko sote;21;Lappi;Lappi;19;OYS;153;Kolari
275;Konnevesi;Konnevesi;2698;2000-5000;6;Maaseutumaiset kunnat;4;vaestoaan nopeasti menettava;4;vaesto vahenee;20;644;202;ky terv.huolto ja yksittaisia sospalveluja;14;Keski-Suomi;Keski-Suomi;13;KYS;142;Keski-Suomen sairaanhoitopiiri/Keski-Suomen seututerveyskeskus
276;Kontiolahti;Kontiolahti;14849;10001-20000;4;Taajaan asuttu kunta;3;Kasvava;2;vaesto lisaantyy;10;432;201;ky koko sote;12;Pohjois-Karjala;Pohjois-Karjala;12;KYS;290;Pohjois-Karjalan sosiaali- ja terveyspalvelujen kuntayhtym� Siun sote
280;Korsn�s;Korsn�s;2122;2000-5000;6;Maaseutumaiset kunnat;4;vaestoaan menettava;3;vaesto vahenee;20;643;201;ky koko sote;16;Vaasa;Pohjanmaa;15;TYKS;326;Rannikko-Pohjanmaan sosiaali- ja perusterveydenhuollon ky
284;Koski Tl;Koski Tl;2340;2000-5000;6;Maaseutumaiset kunnat;4;vaestoaan menettava;3;vaesto vahenee;20;643;302;vk tervhuolto ja yksittaisia sospalveluja;3;Varsinais-Suomi;Varsinais-Suomi;2;TYKS;67;H�rk�tien sosiaali- ja terveyspalvelujen yhteistoiminta-alue
285;Kotka;Kotka;52883;40001-100000;2;Suuret kaupungit;1;vaestoaan menettava;3;vaesto vahenee;20;213;101;kunta, koko sote;8;Kymenlaakso;Kymenlaakso;8;HYKS;155;Kotka
286;Kouvola;Kouvola;83177;40001-100000;2;Suuret kaupungit;1;vaestoaan menettava;3;vaesto vahenee;20;213;101;kunta, koko sote;8;Kymenlaakso;Kymenlaakso;8;HYKS;157;Kouvola
287;Kristiinankaupunki;Kristiinankaupunki;6596;5001-10000;5;Maaseutumaiset kunnat;4;vaestoaan nopeasti menettava;4;vaesto vahenee;20;544;201;ky koko sote;16;Vaasa;Pohjanmaa;15;TYKS;326;Rannikko-Pohjanmaan sosiaali- ja perusterveydenhuollon ky
288;Kruunupyy;Kruunupyy;6509;5001-10000;5;Maaseutumaiset kunnat;4;vaestoaan menettava;3;vaesto vahenee;20;543;201;ky koko sote;17;Keski-Pohjanmaa;Pohjanmaa;15;OYS;136;Keski-Pohjanmaan sosiaali- ja terveyspalvelukuntayhtym� Soite
290;Kuhmo;Kuhmo;8329;5001-10000;5;Taajaan asuttu kunta;3;vaestoaan nopeasti menettava;4;vaesto vahenee;20;534;201;ky koko sote;19;Kainuu;Kainuu;18;OYS;106;Kainuun sosiaali- ja terveydenhuollon kuntayhtym�
291;Kuhmoinen;Kuhmoinen;2238;2000-5000;6;Maaseutumaiset kunnat;4;vaestoaan nopeasti menettava;4;vaesto vahenee;20;644;301;vastuukunta koko sote;6;Pirkanmaa;Keski-Suomi;13;TAYS;94;J�ms�n ja Kuhmoisten yhteistoiminta-alue
297;Kuopio;Kuopio;118664;Yli 100000;1;Suuret kaupungit;1;Kasvava;2;vaesto lisaantyy;10;112;303;vk vain terv.huolto;13;Pohjois-Savo;Pohjois-Savo;11;KYS;166;Kuopion ja Tuusniemen yhteistoiminta-alue
300;Kuortane;Kuortane;3572;2000-5000;6;Maaseutumaiset kunnat;4;vaestoaan nopeasti menettava;4;vaesto vahenee;20;644;201;ky koko sote;15;Etel�-Pohjanmaa;Etel�-Pohjanmaa;14;TAYS;172;Kuusiokuntien sosiaali- ja terveyskuntayhtym� (KuusSoTe)
301;Kurikka;Kurikka;20952;20001-40000;3;Taajaan asuttu kunta;3;vaestoaan nopeasti menettava;4;vaesto vahenee;20;334;202;ky terv.huolto ja yksittaisia sospalveluja;15;Etel�-Pohjanmaa;Etel�-Pohjanmaa;14;TAYS;85;JIK-peruspalveluliikelaitoskuntayhtym�
304;Kustavi;Kustavi;926;Alle 2000;7;Maaseutumaiset kunnat;4;Nopeasti kasvava;1;vaesto lisaantyy;10;741;302;vk tervhuolto ja yksittaisia sospalveluja;3;Varsinais-Suomi;Varsinais-Suomi;2;TYKS;427;Uudenkaupungin, Kustavin, Pyh�rannan, Taivassalon ja Vehmaan yhteistoiminta-alue
305;Kuusamo;Kuusamo;15207;10001-20000;4;Taajaan asuttu kunta;3;vaestoaan menettava;3;vaesto vahenee;20;433;101;kunta, koko sote;18;Pohjois-Pohjanmaa;Pohjois-Pohjanmaa;17;OYS;169;Kuusamo
312;Kyyj�rvi;Kyyj�rvi;1343;Alle 2000;7;Maaseutumaiset kunnat;4;vaestoaan nopeasti menettava;4;vaesto vahenee;20;744;201;ky koko sote;14;Keski-Suomi;Keski-Suomi;13;KYS;278;Perusturvaliikelaitos Saarikka
316;K�rk�l�;K�rk�l�;4451;2000-5000;6;Maaseutumaiset kunnat;4;vaestoaan nopeasti menettava;4;vaesto vahenee;20;644;201;ky koko sote;7;P�ij�t-H�me;P�ij�t-H�me;7;HYKS;312;P�ij�t-H�meen hyvinvointikuntayhtym�
317;K�rs�m�ki;K�rs�m�ki;2613;2000-5000;6;Maaseutumaiset kunnat;4;vaestoaan menettava;3;vaesto vahenee;20;643;101;kunta, koko sote;18;Pohjois-Pohjanmaa;Pohjois-Pohjanmaa;17;OYS;176;K�rs�m�ki
398;Lahti;Lahti;119951;Yli 100000;1;Suuret kaupungit;1;Kasvava;2;vaesto lisaantyy;10;112;201;ky koko sote;7;P�ij�t-H�me;P�ij�t-H�me;7;HYKS;312;P�ij�t-H�meen hyvinvointikuntayhtym�
399;Laihia;Laihia;8058;5001-10000;5;Taajaan asuttu kunta;3;Kasvava;2;vaesto lisaantyy;10;532;302;vk tervhuolto ja yksittaisia sospalveluja;16;Vaasa;Pohjanmaa;15;TYKS;429;Vaasan ja Laihian yhteistoiminta-alue
400;Laitila;Laitila;8647;5001-10000;5;Taajaan asuttu kunta;3;Kasvava;2;vaesto lisaantyy;10;532;101;kunta, koko sote;3;Varsinais-Suomi;Varsinais-Suomi;2;TYKS;182;Laitila
407;Lapinj�rvi;Lapinj�rvi;2665;2000-5000;6;Maaseutumaiset kunnat;4;vaestoaan nopeasti menettava;4;vaesto vahenee;20;644;301;vastuukunta koko sote;25;Helsinki-Uusimaa;Uusimaa;1;HYKS;208;Loviisan ja Lapinj�rven yhteistoiminta-alue
402;Lapinlahti;Lapinlahti;9617;5001-10000;5;Maaseutumaiset kunnat;4;vaestoaan nopeasti menettava;4;vaesto vahenee;20;544;101;kunta, koko sote;13;Pohjois-Savo;Pohjois-Savo;11;KYS;187;Lapinlahti
403;Lappaj�rvi;Lappaj�rvi;3078;2000-5000;6;Maaseutumaiset kunnat;4;vaestoaan nopeasti menettava;4;vaesto vahenee;20;644;201;ky koko sote;15;Etel�-Pohjanmaa;Etel�-Pohjanmaa;14;TAYS;162;Kuntayhtym� Kaksineuvoinen
405;Lappeenranta;Lappeenranta;72699;40001-100000;2;Suuret kaupungit;1;Kasvava;2;vaesto lisaantyy;10;212;201;ky koko sote;9;Etel�-Karjala;Etel�-Karjala;9;HYKS;16;Etel�-Karjalan sosiaali- ja terveyspiiri Eksote
408;Lapua;Lapua;14427;10001-20000;4;Taajaan asuttu kunta;3;vaestoaan menettava;3;vaesto vahenee;20;433;101;kunta, koko sote;15;Etel�-Pohjanmaa;Etel�-Pohjanmaa;14;TAYS;190;Lapua
410;Laukaa;Laukaa;18927;10001-20000;4;Taajaan asuttu kunta;3;Kasvava;2;vaesto lisaantyy;10;432;202;ky terv.huolto ja yksittaisia sospalveluja;14;Keski-Suomi;Keski-Suomi;13;KYS;142;Keski-Suomen sairaanhoitopiiri/Keski-Suomen seututerveyskeskus
416;Lemi;Lemi;3043;2000-5000;6;Maaseutumaiset kunnat;4;vaestoaan menettava;3;vaesto vahenee;20;643;201;ky koko sote;9;Etel�-Karjala;Etel�-Karjala;9;HYKS;16;Etel�-Karjalan sosiaali- ja terveyspiiri Eksote
418;Lemp��l�;Lemp��l�;23206;20001-40000;3;Kaupunkimaiset kunnat;2;Nopeasti kasvava;1;vaesto lisaantyy;10;321;101;kunta, koko sote;6;Pirkanmaa;Pirkanmaa;6;TAYS;196;Lemp��l�
420;Lepp�virta;Lepp�virta;9650;5001-10000;5;Maaseutumaiset kunnat;4;vaestoaan nopeasti menettava;4;vaesto vahenee;20;544;202;ky terv.huolto ja yksittaisia sospalveluja;13;Pohjois-Savo;Pohjois-Savo;11;KYS;296;Pohjois-Savon sairaanhoitopiiri, perusterveydenhuollon ja vanhusten laitoshoidon liikelaitos Kysteri
421;Lestij�rvi;Lestij�rvi;737;Alle 2000;7;Maaseutumaiset kunnat;4;vaestoaan nopeasti menettava;4;vaesto vahenee;20;744;201;ky koko sote;17;Keski-Pohjanmaa;Keski-Pohjanmaa;16;OYS;136;Keski-Pohjanmaan sosiaali- ja terveyspalvelukuntayhtym� Soite
422;Lieksa;Lieksa;11098;10001-20000;4;Taajaan asuttu kunta;3;vaestoaan nopeasti menettava;4;vaesto vahenee;20;434;201;ky koko sote;12;Pohjois-Karjala;Pohjois-Karjala;12;KYS;290;Pohjois-Karjalan sosiaali- ja terveyspalvelujen kuntayhtym� Siun sote
423;Lieto;Lieto;19831;10001-20000;4;Taajaan asuttu kunta;3;Kasvava;2;vaesto lisaantyy;10;432;302;vk tervhuolto ja yksittaisia sospalveluja;3;Varsinais-Suomi;Varsinais-Suomi;2;TYKS;67;H�rk�tien sosiaali- ja terveyspalvelujen yhteistoiminta-alue
425;Liminka;Liminka;10161;10001-20000;4;Taajaan asuttu kunta;3;Nopeasti kasvava;1;vaesto lisaantyy;10;431;101;kunta, koko sote;18;Pohjois-Pohjanmaa;Pohjois-Pohjanmaa;17;OYS;199;Liminka
426;Liperi;Liperi;12145;10001-20000;4;Maaseutumaiset kunnat;4;vaestoaan menettava;3;vaesto vahenee;20;443;201;ky koko sote;12;Pohjois-Karjala;Pohjois-Karjala;12;KYS;290;Pohjois-Karjalan sosiaali- ja terveyspalvelujen kuntayhtym� Siun sote
444;Lohja;Lohja;46296;40001-100000;2;Kaupunkimaiset kunnat;2;vaestoaan menettava;3;vaesto vahenee;20;223;101;kunta, koko sote;25;Helsinki-Uusimaa;Uusimaa;1;HYKS;202;Lohja
430;Loimaa;Loimaa;16032;10001-20000;4;Taajaan asuttu kunta;3;vaestoaan menettava;3;vaesto vahenee;20;433;302;vk tervhuolto ja yksittaisia sospalveluja;3;Varsinais-Suomi;Varsinais-Suomi;2;TYKS;205;Loimaan ja Orip��n yhteistoiminta-alue
433;Loppi;Loppi;7861;5001-10000;5;Maaseutumaiset kunnat;4;vaestoaan nopeasti menettava;4;vaesto vahenee;20;544;202;ky terv.huolto ja yksittaisia sospalveluja;5;Kanta-H�me;Kanta-H�me;5;TAYS;338;Riihim�en seudun terveyskeskuksen ky
434;Loviisa;Loviisa;14891;10001-20000;4;Taajaan asuttu kunta;3;vaestoaan menettava;3;vaesto vahenee;20;433;301;vastuukunta koko sote;25;Helsinki-Uusimaa;Uusimaa;1;HYKS;208;Loviisan ja Lapinj�rven yhteistoiminta-alue
435;Luhanka;Luhanka;707;Alle 2000;7;Maaseutumaiset kunnat;4;vaestoaan nopeasti menettava;4;vaesto vahenee;20;744;202;ky terv.huolto ja yksittaisia sospalveluja;14;Keski-Suomi;Keski-Suomi;13;KYS;142;Keski-Suomen sairaanhoitopiiri/Keski-Suomen seututerveyskeskus
436;Lumijoki;Lumijoki;2052;2000-5000;6;Maaseutumaiset kunnat;4;vaestoaan menettava;3;vaesto vahenee;20;643;101;kunta, koko sote;18;Pohjois-Pohjanmaa;Pohjois-Pohjanmaa;17;OYS;211;Lumijoki
440;Luoto;Luoto;5340;5001-10000;5;Maaseutumaiset kunnat;4;Nopeasti kasvava;1;vaesto lisaantyy;10;541;301;vastuukunta koko sote;16;Vaasa;Pohjanmaa;15;TYKS;284;Pietarsaaren seudun yhteistoiminta-alue
441;Luum�ki;Luum�ki;4662;2000-5000;6;Maaseutumaiset kunnat;4;vaestoaan nopeasti menettava;4;vaesto vahenee;20;644;201;ky koko sote;9;Etel�-Karjala;Etel�-Karjala;9;HYKS;16;Etel�-Karjalan sosiaali- ja terveyspiiri Eksote
475;Maalahti;Maalahti;5477;5001-10000;5;Maaseutumaiset kunnat;4;vaestoaan menettava;3;vaesto vahenee;20;543;201;ky koko sote;16;Vaasa;Pohjanmaa;15;TYKS;326;Rannikko-Pohjanmaan sosiaali- ja perusterveydenhuollon ky
480;Marttila;Marttila;2018;2000-5000;6;Maaseutumaiset kunnat;4;vaestoaan menettava;3;vaesto vahenee;20;643;302;vk tervhuolto ja yksittaisia sospalveluja;3;Varsinais-Suomi;Varsinais-Suomi;2;TYKS;67;H�rk�tien sosiaali- ja terveyspalvelujen yhteistoiminta-alue
481;Masku;Masku;9554;5001-10000;5;Taajaan asuttu kunta;3;vaestoaan menettava;3;vaesto vahenee;20;533;201;ky koko sote;3;Varsinais-Suomi;Varsinais-Suomi;2;TYKS;273;Perusturvakuntayhtym� Akseli
483;Merij�rvi;Merij�rvi;1104;Alle 2000;7;Maaseutumaiset kunnat;4;vaestoaan menettava;3;vaesto vahenee;20;743;301;vastuukunta koko sote;18;Pohjois-Pohjanmaa;Pohjois-Pohjanmaa;17;OYS;107;Kalajoen ja Merij�rven yhteistoiminta-alue
484;Merikarvia;Merikarvia;3115;2000-5000;6;Maaseutumaiset kunnat;4;vaestoaan menettava;3;vaesto vahenee;20;643;301;vastuukunta koko sote;4;Satakunta;Satakunta;4;TYKS;299;Porin perusturvan yhteistoiminta-alue
489;Miehikk�l�;Miehikk�l�;1940;Alle 2000;7;Maaseutumaiset kunnat;4;vaestoaan nopeasti menettava;4;vaesto vahenee;20;744;301;vastuukunta koko sote;8;Kymenlaakso;Kymenlaakso;8;HYKS;219;Miehikk�l�n ja Virolahden yhteistoiminta-alue Kaakon kaksikko
491;Mikkeli;Mikkeli;53818;40001-100000;2;Suuret kaupungit;1;vaestoaan menettava;3;vaesto vahenee;20;213;201;ky koko sote;10;Etel�-Savo;Etel�-Savo;10;KYS;19;Etel�-Savon sosiaali- ja terveyspalvelujen kuntayhtym� Essote
494;Muhos;Muhos;8980;5001-10000;5;Taajaan asuttu kunta;3;vaestoaan menettava;3;vaesto vahenee;20;533;101;kunta, koko sote;18;Pohjois-Pohjanmaa;Pohjois-Pohjanmaa;17;OYS;222;Muhos
495;Multia;Multia;1584;Alle 2000;7;Maaseutumaiset kunnat;4;vaestoaan nopeasti menettava;4;vaesto vahenee;20;744;202;ky terv.huolto ja yksittaisia sospalveluja;14;Keski-Suomi;Keski-Suomi;13;KYS;142;Keski-Suomen sairaanhoitopiiri/Keski-Suomen seututerveyskeskus
498;Muonio;Muonio;2299;2000-5000;6;Maaseutumaiset kunnat;4;vaestoaan menettava;3;vaesto vahenee;20;643;203;ky vain terv.huolto;21;Lappi;Lappi;19;OYS;184;Lapin sairaanhoitopiiri
499;Mustasaari;Mustasaari;19444;10001-20000;4;Taajaan asuttu kunta;3;Kasvava;2;vaesto lisaantyy;10;432;303;vk vain terv.huolto;16;Vaasa;Pohjanmaa;15;TYKS;225;Mustasaaren ja V�yrin perusterveydenhuollon yhteistoiminta-alue
500;Muurame;Muurame;10170;10001-20000;4;Taajaan asuttu kunta;3;Nopeasti kasvava;1;vaesto lisaantyy;10;431;101;kunta, koko sote;14;Keski-Suomi;Keski-Suomi;13;KYS;229;Muuramen hyvinvointi Liikelaitos
503;Myn�m�ki;Myn�m�ki;7766;5001-10000;5;Taajaan asuttu kunta;3;vaestoaan menettava;3;vaesto vahenee;20;533;201;ky koko sote;3;Varsinais-Suomi;Varsinais-Suomi;2;TYKS;273;Perusturvakuntayhtym� Akseli
504;Myrskyl�;Myrskyl�;1922;Alle 2000;7;Maaseutumaiset kunnat;4;vaestoaan menettava;3;vaesto vahenee;20;743;201;ky koko sote;7;P�ij�t-H�me;Uusimaa;1;HYKS;312;P�ij�t-H�meen hyvinvointikuntayhtym�
505;M�nts�l�;M�nts�l�;20686;20001-40000;3;Taajaan asuttu kunta;3;Kasvava;2;vaesto lisaantyy;10;332;201;ky koko sote;25;Helsinki-Uusimaa;Uusimaa;1;HYKS;144;Keski-Uudenmaan sote-kuntayhtym�
508;M�ntt�-Vilppula;M�ntt�-Vilppula;9983;5001-10000;5;Taajaan asuttu kunta;3;vaestoaan nopeasti menettava;4;vaesto vahenee;20;534;301;vastuukunta koko sote;6;Pirkanmaa;Pirkanmaa;6;TAYS;233;M�ntt�-Vilppulan ja Juupajoen yhteistoiminta-alue
507;M�ntyharju;M�ntyharju;5924;5001-10000;5;Maaseutumaiset kunnat;4;vaestoaan nopeasti menettava;4;vaesto vahenee;20;544;201;ky koko sote;10;Etel�-Savo;Etel�-Savo;10;KYS;19;Etel�-Savon sosiaali- ja terveyspalvelujen kuntayhtym� Essote
529;Naantali;Naantali;19245;10001-20000;4;Taajaan asuttu kunta;3;Kasvava;2;vaesto lisaantyy;10;432;101;kunta, koko sote;3;Varsinais-Suomi;Varsinais-Suomi;2;TYKS;236;Naantali
531;Nakkila;Nakkila;5437;5001-10000;5;Taajaan asuttu kunta;3;vaestoaan menettava;3;vaesto vahenee;20;533;202;ky terv.huolto ja yksittaisia sospalveluja;4;Satakunta;Satakunta;4;TYKS;139;Keski-Satakunnan terveydenhuollon ky
535;Nivala;Nivala;10737;10001-20000;4;Taajaan asuttu kunta;3;vaestoaan menettava;3;vaesto vahenee;20;433;201;ky koko sote;18;Pohjois-Pohjanmaa;Pohjois-Pohjanmaa;17;OYS;267;Peruspalvelukuntayhtym� Kallio
536;Nokia;Nokia;33527;20001-40000;3;Kaupunkimaiset kunnat;2;Kasvava;2;vaesto lisaantyy;10;322;101;kunta, koko sote;6;Pirkanmaa;Pirkanmaa;6;TAYS;239;Nokia
538;Nousiainen;Nousiainen;4733;2000-5000;6;Maaseutumaiset kunnat;4;vaestoaan menettava;3;vaesto vahenee;20;643;201;ky koko sote;3;Varsinais-Suomi;Varsinais-Suomi;2;TYKS;273;Perusturvakuntayhtym� Akseli
541;Nurmes;Nurmes;7641;5001-10000;5;Taajaan asuttu kunta;3;Nopeasti taantuva;4;vaesto vahenee;20;534;201;ky koko sote;12;Pohjois-Karjala;Pohjois-Karjala;12;KYS;290;Pohjois-Karjalan sosiaali- ja terveyspalvelujen kuntayhtym� Siun sote
543;Nurmij�rvi;Nurmij�rvi;42665;40001-100000;2;Kaupunkimaiset kunnat;2;Kasvava;2;vaesto lisaantyy;10;222;201;ky koko sote;25;Helsinki-Uusimaa;Uusimaa;1;HYKS;144;Keski-Uudenmaan sote-kuntayhtym�
545;N�rpi�;N�rpi�;9471;5001-10000;5;Maaseutumaiset kunnat;4;Kasvava;2;vaesto lisaantyy;10;542;201;ky koko sote;16;Vaasa;Pohjanmaa;15;TYKS;326;Rannikko-Pohjanmaan sosiaali- ja perusterveydenhuollon ky
560;Orimattila;Orimattila;16091;10001-20000;4;Taajaan asuttu kunta;3;vaestoaan menettava;3;vaesto vahenee;20;433;201;ky koko sote;7;P�ij�t-H�me;P�ij�t-H�me;7;HYKS;312;P�ij�t-H�meen hyvinvointikuntayhtym�
561;Orip��;Orip��;1364;Alle 2000;7;Maaseutumaiset kunnat;4;vaestoaan menettava;3;vaesto vahenee;20;743;302;vk tervhuolto ja yksittaisia sospalveluja;3;Varsinais-Suomi;Varsinais-Suomi;2;TYKS;205;Loimaan ja Orip��n yhteistoiminta-alue
562;Orivesi;Orivesi;9221;5001-10000;5;Taajaan asuttu kunta;3;vaestoaan menettava;3;vaesto vahenee;20;533;301;vastuukunta koko sote;6;Pirkanmaa;Pirkanmaa;6;TAYS;408;Tampereen ja Oriveden yhteistoiminta-alue
563;Oulainen;Oulainen;7430;5001-10000;5;Taajaan asuttu kunta;3;vaestoaan menettava;3;vaesto vahenee;20;533;101;kunta, koko sote;18;Pohjois-Pohjanmaa;Pohjois-Pohjanmaa;17;OYS;243;Oulainen
564;Oulu;Oulu;203567;Yli 100000;1;Suuret kaupungit;1;Kasvava;2;vaesto lisaantyy;10;112;101;kunta, koko sote;18;Pohjois-Pohjanmaa;Pohjois-Pohjanmaa;17;OYS;246;Oulu
309;Outokumpu;Outokumpu;6803;5001-10000;5;Taajaan asuttu kunta;3;vaestoaan nopeasti menettava;4;vaesto vahenee;20;534;201;ky koko sote;12;Pohjois-Karjala;Pohjois-Karjala;12;KYS;290;Pohjois-Karjalan sosiaali- ja terveyspalvelujen kuntayhtym� Siun sote
576;Padasjoki;Padasjoki;2963;2000-5000;6;Maaseutumaiset kunnat;4;vaestoaan nopeasti menettava;4;vaesto vahenee;20;644;201;ky koko sote;7;P�ij�t-H�me;P�ij�t-H�me;7;HYKS;312;P�ij�t-H�meen hyvinvointikuntayhtym�
577;Paimio;Paimio;10832;10001-20000;4;Taajaan asuttu kunta;3;Kasvava;2;vaesto lisaantyy;10;432;203;ky vain terv.huolto;3;Varsinais-Suomi;Varsinais-Suomi;2;TYKS;252;Paimion-Sauvon kansanterveysty�n ky
578;Paltamo;Paltamo;3336;2000-5000;6;Maaseutumaiset kunnat;4;vaestoaan nopeasti menettava;4;vaesto vahenee;20;644;201;ky koko sote;19;Kainuu;Kainuu;18;OYS;106;Kainuun sosiaali- ja terveydenhuollon kuntayhtym�
445;Parainen;Parainen;15217;10001-20000;4;Taajaan asuttu kunta;3;vaestoaan menettava;3;vaesto vahenee;20;433;101;kunta, koko sote;3;Varsinais-Suomi;Varsinais-Suomi;2;TYKS;255;Parainen
580;Parikkala;Parikkala;4842;2000-5000;6;Maaseutumaiset kunnat;4;vaestoaan nopeasti menettava;4;vaesto vahenee;20;644;201;ky koko sote;9;Etel�-Karjala;Etel�-Karjala;9;HYKS;16;Etel�-Karjalan sosiaali- ja terveyspiiri Eksote
581;Parkano;Parkano;6469;5001-10000;5;Taajaan asuttu kunta;3;vaestoaan nopeasti menettava;4;vaesto vahenee;20;534;301;vastuukunta koko sote;6;Pirkanmaa;Pirkanmaa;6;TAYS;258;Parkanon ja Kihni�n yhteistoiminta-alue
599;Peders�ren kunta;Peders�ren kunta;11016;10001-20000;4;Maaseutumaiset kunnat;4;Kasvava;2;vaesto lisaantyy;10;442;301;vastuukunta koko sote;16;Vaasa;Pohjanmaa;15;TYKS;284;Pietarsaaren seudun yhteistoiminta-alue
583;Pelkosenniemi;Pelkosenniemi;954;Alle 2000;7;Maaseutumaiset kunnat;4;vaestoaan menettava;3;vaesto vahenee;20;743;203;ky vain terv.huolto;21;Lappi;Lappi;19;OYS;261;Pelkosenniemen-Savukosken kansanterveysty�n ky
854;Pello;Pello;3438;2000-5000;6;Maaseutumaiset kunnat;4;vaestoaan nopeasti menettava;4;vaesto vahenee;20;644;101;kunta, koko sote;21;Lappi;Lappi;19;OYS;264;Pello
584;Perho;Perho;2825;2000-5000;6;Maaseutumaiset kunnat;4;vaestoaan menettava;3;vaesto vahenee;20;643;201;ky koko sote;17;Keski-Pohjanmaa;Keski-Pohjanmaa;16;OYS;136;Keski-Pohjanmaan sosiaali- ja terveyspalvelukuntayhtym� Soite
588;Pertunmaa;Pertunmaa;1713;Alle 2000;7;Maaseutumaiset kunnat;4;vaestoaan nopeasti menettava;4;vaesto vahenee;20;744;201;ky koko sote;10;Etel�-Savo;Etel�-Savo;10;KYS;19;Etel�-Savon sosiaali- ja terveyspalvelujen kuntayhtym� Essote
592;Pet�j�vesi;Pet�j�vesi;3900;2000-5000;6;Maaseutumaiset kunnat;4;vaestoaan nopeasti menettava;4;vaesto vahenee;20;644;202;ky terv.huolto ja yksittaisia sospalveluja;14;Keski-Suomi;Keski-Suomi;13;KYS;142;Keski-Suomen sairaanhoitopiiri/Keski-Suomen seututerveyskeskus
593;Pieks�m�ki;Pieks�m�ki;17933;10001-20000;4;Taajaan asuttu kunta;3;vaestoaan nopeasti menettava;4;vaesto vahenee;20;434;101;kunta, koko sote;10;Etel�-Savo;Etel�-Savo;10;KYS;281;Pieks�m�ki
595;Pielavesi;Pielavesi;4498;2000-5000;6;Maaseutumaiset kunnat;4;vaestoaan nopeasti menettava;4;vaesto vahenee;20;644;202;ky terv.huolto ja yksittaisia sospalveluja;13;Pohjois-Savo;Pohjois-Savo;11;KYS;296;Pohjois-Savon sairaanhoitopiiri, perusterveydenhuollon ja vanhusten laitoshoidon liikelaitos Kysteri
598;Pietarsaari;Pietarsaari;19278;10001-20000;4;Kaupunkimaiset kunnat;2;vaestoaan menettava;3;vaesto vahenee;20;423;301;vastuukunta koko sote;16;Vaasa;Pohjanmaa;15;TYKS;284;Pietarsaaren seudun yhteistoiminta-alue
601;Pihtipudas;Pihtipudas;4053;2000-5000;6;Maaseutumaiset kunnat;4;vaestoaan nopeasti menettava;4;vaesto vahenee;20;644;301;vastuukunta koko sote;14;Keski-Suomi;Keski-Suomi;13;KYS;442;Viitasaaren, Kinnulan ja Pihtiputaan yhteistoiminta-alue
604;Pirkkala;Pirkkala;19368;10001-20000;4;Kaupunkimaiset kunnat;2;Nopeasti kasvava;1;vaesto lisaantyy;10;421;301;vastuukunta koko sote;6;Pirkanmaa;Pirkanmaa;6;TAYS;287;Pirkkalan ja Vesilahden yhteistoiminta-alue
607;Polvij�rvi;Polvij�rvi;4307;2000-5000;6;Maaseutumaiset kunnat;4;vaestoaan nopeasti menettava;4;vaesto vahenee;20;644;201;ky koko sote;12;Pohjois-Karjala;Pohjois-Karjala;12;KYS;290;Pohjois-Karjalan sosiaali- ja terveyspalvelujen kuntayhtym� Siun sote
608;Pomarkku;Pomarkku;2146;2000-5000;6;Maaseutumaiset kunnat;4;vaestoaan nopeasti menettava;4;vaesto vahenee;20;644;201;ky koko sote;4;Satakunta;Satakunta;4;TYKS;293;Pohjois-Satakunnan peruspalvelukuntayhtym� PoSa
609;Pori;Pori;84403;40001-100000;2;Suuret kaupungit;1;vaestoaan menettava;3;vaesto vahenee;20;213;301;vastuukunta koko sote;4;Satakunta;Satakunta;4;TYKS;299;Porin perusturvan yhteistoiminta-alue
611;Pornainen;Pornainen;5068;5001-10000;5;Maaseutumaiset kunnat;4;vaestoaan menettava;3;vaesto vahenee;20;543;201;ky koko sote;25;Helsinki-Uusimaa;Uusimaa;1;HYKS;144;Keski-Uudenmaan sote-kuntayhtym�
638;Porvoo;Porvoo;50262;40001-100000;2;Suuret kaupungit;1;Kasvava;2;vaesto lisaantyy;10;212;101;kunta, koko sote;25;Helsinki-Uusimaa;Uusimaa;1;HYKS;302;Porvoo
614;Posio;Posio;3237;2000-5000;6;Maaseutumaiset kunnat;4;vaestoaan nopeasti menettava;4;vaesto vahenee;20;644;101;kunta, koko sote;21;Lappi;Lappi;19;OYS;305;Posio
615;Pudasj�rvi;Pudasj�rvi;7990;5001-10000;5;Maaseutumaiset kunnat;4;vaestoaan nopeasti menettava;4;vaesto vahenee;20;544;201;ky koko sote;18;Pohjois-Pohjanmaa;Pohjois-Pohjanmaa;17;OYS;249;Oulunkaaren kuntayhtym�
616;Pukkila;Pukkila;1899;Alle 2000;7;Maaseutumaiset kunnat;4;vaestoaan nopeasti menettava;4;vaesto vahenee;20;744;201;ky koko sote;7;P�ij�t-H�me;Uusimaa;1;HYKS;312;P�ij�t-H�meen hyvinvointikuntayhtym�
619;Punkalaidun;Punkalaidun;2896;2000-5000;6;Maaseutumaiset kunnat;4;vaestoaan nopeasti menettava;4;vaesto vahenee;20;644;301;vastuukunta koko sote;3;Varsinais-Suomi;Pirkanmaa;6;TYKS;356;Sastamalan seudun sosiaali- ja terveyspalvelut, Sotesi
620;Puolanka;Puolanka;2597;2000-5000;6;Maaseutumaiset kunnat;4;vaestoaan nopeasti menettava;4;vaesto vahenee;20;644;101;kunta, koko sote;19;Kainuu;Kainuu;18;OYS;308;Puolanka
623;Puumala;Puumala;2197;2000-5000;6;Maaseutumaiset kunnat;4;vaestoaan nopeasti menettava;4;vaesto vahenee;20;644;201;ky koko sote;10;Etel�-Savo;Etel�-Savo;10;KYS;19;Etel�-Savon sosiaali- ja terveyspalvelujen kuntayhtym� Essote
624;Pyht��;Pyht��;5187;5001-10000;5;Maaseutumaiset kunnat;4;vaestoaan menettava;3;vaesto vahenee;20;543;101;kunta, koko sote;8;Kymenlaakso;Kymenlaakso;8;HYKS;310;Pyht��
625;Pyh�joki;Pyh�joki;3146;2000-5000;6;Maaseutumaiset kunnat;4;vaestoaan nopeasti menettava;4;vaesto vahenee;20;644;201;ky koko sote;18;Pohjois-Pohjanmaa;Pohjois-Pohjanmaa;17;OYS;319;Raahen seudun hyvinvointikuntayhtym�
626;Pyh�j�rvi;Pyh�j�rvi;5248;5001-10000;5;Maaseutumaiset kunnat;4;vaestoaan nopeasti menettava;4;vaesto vahenee;20;544;201;ky koko sote;18;Pohjois-Pohjanmaa;Pohjois-Pohjanmaa;17;OYS;270;Peruspalvelukuntayhtym� Sel�nne
630;Pyh�nt�;Pyh�nt�;1557;Alle 2000;7;Maaseutumaiset kunnat;4;Kasvava;2;vaesto lisaantyy;10;742;302;vk tervhuolto ja yksittaisia sospalveluja;18;Pohjois-Pohjanmaa;Pohjois-Pohjanmaa;17;OYS;384;Sosiaali- ja terveyspiiri Helmi
631;Pyh�ranta;Pyh�ranta;2028;2000-5000;6;Maaseutumaiset kunnat;4;vaestoaan nopeasti menettava;4;vaesto vahenee;20;644;302;vk tervhuolto ja yksittaisia sospalveluja;3;Varsinais-Suomi;Varsinais-Suomi;2;TYKS;427;Uudenkaupungin, Kustavin, Pyh�rannan, Taivassalon ja Vehmaan yhteistoiminta-alue
635;P�lk�ne;P�lk�ne;6499;5001-10000;5;Maaseutumaiset kunnat;4;vaestoaan menettava;3;vaesto vahenee;20;543;301;vastuukunta koko sote;6;Pirkanmaa;Pirkanmaa;6;TAYS;110;Kangasalan ja P�lk�neen yhteistoiminta-alue
636;P�yty�;P�yty�;8333;5001-10000;5;Maaseutumaiset kunnat;4;vaestoaan menettava;3;vaesto vahenee;20;543;203;ky vain terv.huolto;3;Varsinais-Suomi;Varsinais-Suomi;2;TYKS;316;P�yty�n kansanterveysty�n ky
678;Raahe;Raahe;24811;20001-40000;3;Kaupunkimaiset kunnat;2;vaestoaan menettava;3;vaesto vahenee;20;323;201;ky koko sote;18;Pohjois-Pohjanmaa;Pohjois-Pohjanmaa;17;OYS;319;Raahen seudun hyvinvointikuntayhtym�
710;Raasepori;Raasepori;27592;20001-40000;3;Taajaan asuttu kunta;3;vaestoaan menettava;3;vaesto vahenee;20;333;101;kunta, koko sote;25;Helsinki-Uusimaa;Uusimaa;1;HYKS;322;Raasepori
680;Raisio;Raisio;24178;20001-40000;3;Kaupunkimaiset kunnat;2;vaestoaan menettava;3;vaesto vahenee;20;323;301;vastuukunta koko sote;3;Varsinais-Suomi;Varsinais-Suomi;2;TYKS;325;Raision ja Ruskon yhteistoiminta-alue
681;Rantasalmi;Rantasalmi;3514;2000-5000;6;Maaseutumaiset kunnat;4;vaestoaan nopeasti menettava;4;vaesto vahenee;20;644;101;kunta, koko sote;11;It�-Savo;Etel�-Savo;10;KYS;329;Rantasalmi
683;Ranua;Ranua;3896;2000-5000;6;Maaseutumaiset kunnat;4;vaestoaan nopeasti menettava;4;vaesto vahenee;20;644;101;kunta, koko sote;21;Lappi;Lappi;19;OYS;332;Ranua
684;Rauma;Rauma;39360;20001-40000;3;Kaupunkimaiset kunnat;2;vaestoaan menettava;3;vaesto vahenee;20;323;101;kunta, koko sote;4;Satakunta;Satakunta;4;TYKS;335;Rauma
686;Rautalampi;Rautalampi;3196;2000-5000;6;Maaseutumaiset kunnat;4;vaestoaan nopeasti menettava;4;vaesto vahenee;20;644;203;ky vain terv.huolto;13;Pohjois-Savo;Pohjois-Savo;11;KYS;371;Sis�-Savon terveydenhuollon ky
687;Rautavaara;Rautavaara;1651;Alle 2000;7;Maaseutumaiset kunnat;4;vaestoaan nopeasti menettava;4;vaesto vahenee;20;744;202;ky terv.huolto ja yksittaisia sospalveluja;13;Pohjois-Savo;Pohjois-Savo;11;KYS;296;Pohjois-Savon sairaanhoitopiiri, perusterveydenhuollon ja vanhusten laitoshoidon liikelaitos Kysteri
689;Rautj�rvi;Rautj�rvi;3335;2000-5000;6;Maaseutumaiset kunnat;4;vaestoaan nopeasti menettava;4;vaesto vahenee;20;644;201;ky koko sote;9;Etel�-Karjala;Etel�-Karjala;9;HYKS;16;Etel�-Karjalan sosiaali- ja terveyspiiri Eksote
691;Reisj�rvi;Reisj�rvi;2743;2000-5000;6;Maaseutumaiset kunnat;4;vaestoaan nopeasti menettava;4;vaesto vahenee;20;644;201;ky koko sote;17;Keski-Pohjanmaa;Pohjois-Pohjanmaa;17;OYS;270;Peruspalvelukuntayhtym� Sel�nne
694;Riihim�ki;Riihim�ki;28736;20001-40000;3;Kaupunkimaiset kunnat;2;vaestoaan menettava;3;vaesto vahenee;20;323;202;ky terv.huolto ja yksittaisia sospalveluja;5;Kanta-H�me;Kanta-H�me;5;TAYS;338;Riihim�en seudun terveyskeskuksen ky
697;Ristij�rvi;Ristij�rvi;1288;Alle 2000;7;Maaseutumaiset kunnat;4;vaestoaan nopeasti menettava;4;vaesto vahenee;20;744;201;ky koko sote;19;Kainuu;Kainuu;18;OYS;106;Kainuun sosiaali- ja terveydenhuollon kuntayhtym�
698;Rovaniemi;Rovaniemi;62922;40001-100000;2;Suuret kaupungit;1;Kasvava;2;vaesto lisaantyy;10;212;101;kunta, koko sote;21;Lappi;Lappi;19;OYS;343;Rovaniemi
700;Ruokolahti;Ruokolahti;5099;5001-10000;5;Maaseutumaiset kunnat;4;vaestoaan nopeasti menettava;4;vaesto vahenee;20;544;201;ky koko sote;9;Etel�-Karjala;Etel�-Karjala;9;HYKS;16;Etel�-Karjalan sosiaali- ja terveyspiiri Eksote
702;Ruovesi;Ruovesi;4398;2000-5000;6;Maaseutumaiset kunnat;4;vaestoaan nopeasti menettava;4;vaesto vahenee;20;644;301;vastuukunta koko sote;6;Pirkanmaa;Pirkanmaa;6;TAYS;445;Virrat-Ruovesi -yhteistoiminta-alue
704;Rusko;Rusko;6251;5001-10000;5;Maaseutumaiset kunnat;4;Kasvava;2;vaesto lisaantyy;10;542;301;vastuukunta koko sote;3;Varsinais-Suomi;Varsinais-Suomi;2;TYKS;325;Raision ja Ruskon yhteistoiminta-alue
707;R��kkyl�;R��kkyl�;2181;2000-5000;6;Maaseutumaiset kunnat;4;vaestoaan nopeasti menettava;4;vaesto vahenee;20;644;201;ky koko sote;12;Pohjois-Karjala;Pohjois-Karjala;12;KYS;290;Pohjois-Karjalan sosiaali- ja terveyspalvelujen kuntayhtym� Siun sote
729;Saarij�rvi;Saarij�rvi;9415;5001-10000;5;Maaseutumaiset kunnat;4;vaestoaan nopeasti menettava;4;vaesto vahenee;20;544;201;ky koko sote;14;Keski-Suomi;Keski-Suomi;13;KYS;278;Perusturvaliikelaitos Saarikka
732;Salla;Salla;3491;2000-5000;6;Maaseutumaiset kunnat;4;vaestoaan nopeasti menettava;4;vaesto vahenee;20;644;101;kunta, koko sote;21;Lappi;Lappi;19;OYS;347;Salla
734;Salo;Salo;52321;40001-100000;2;Suuret kaupungit;1;vaestoaan menettava;3;vaesto vahenee;20;213;101;kunta, koko sote;3;Varsinais-Suomi;Varsinais-Suomi;2;TYKS;350;Salo
790;Sastamala;Sastamala;24651;20001-40000;3;Taajaan asuttu kunta;3;vaestoaan menettava;3;vaesto vahenee;20;333;301;vastuukunta koko sote;6;Pirkanmaa;Pirkanmaa;6;TAYS;356;Sastamalan seudun sosiaali- ja terveyspalvelut, Sotesi
738;Sauvo;Sauvo;2994;2000-5000;6;Maaseutumaiset kunnat;4;vaestoaan menettava;3;vaesto vahenee;20;643;203;ky vain terv.huolto;3;Varsinais-Suomi;Varsinais-Suomi;2;TYKS;252;Paimion-Sauvon kansanterveysty�n ky
739;Savitaipale;Savitaipale;3429;2000-5000;6;Maaseutumaiset kunnat;4;vaestoaan nopeasti menettava;4;vaesto vahenee;20;644;201;ky koko sote;9;Etel�-Karjala;Etel�-Karjala;9;HYKS;16;Etel�-Karjalan sosiaali- ja terveyspiiri Eksote
740;Savonlinna;Savonlinna;33611;20001-40000;3;Kaupunkimaiset kunnat;2;vaestoaan nopeasti menettava;4;vaesto vahenee;20;324;202;ky terv.huolto ja yksittaisia sospalveluja;11;It�-Savo;Etel�-Savo;10;KYS;80;It�-Savon sairaanhoitopiirin kuntayhtym�
742;Savukoski;Savukoski;1015;Alle 2000;7;Maaseutumaiset kunnat;4;vaestoaan nopeasti menettava;4;vaesto vahenee;20;744;203;ky vain terv.huolto;21;Lappi;Lappi;19;OYS;261;Pelkosenniemen-Savukosken kansanterveysty�n ky
743;Sein�joki;Sein�joki;63288;40001-100000;2;Suuret kaupungit;1;Kasvava;2;vaesto lisaantyy;10;212;303;vk vain terv.huolto;15;Etel�-Pohjanmaa;Etel�-Pohjanmaa;14;TAYS;359;Sein�joen ja Isokyr�n yhteistoiminta-alue
746;Sievi;Sievi;4980;2000-5000;6;Maaseutumaiset kunnat;4;vaestoaan menettava;3;vaesto vahenee;20;643;201;ky koko sote;18;Pohjois-Pohjanmaa;Pohjois-Pohjanmaa;17;OYS;267;Peruspalvelukuntayhtym� Kallio
747;Siikainen;Siikainen;1458;Alle 2000;7;Maaseutumaiset kunnat;4;vaestoaan nopeasti menettava;4;vaesto vahenee;20;744;201;ky koko sote;4;Satakunta;Satakunta;4;TYKS;293;Pohjois-Satakunnan peruspalvelukuntayhtym� PoSa
748;Siikajoki;Siikajoki;5249;5001-10000;5;Maaseutumaiset kunnat;4;vaestoaan nopeasti menettava;4;vaesto vahenee;20;544;201;ky koko sote;18;Pohjois-Pohjanmaa;Pohjois-Pohjanmaa;17;OYS;319;Raahen seudun hyvinvointikuntayhtym�
791;Siikalatva;Siikalatva;5301;5001-10000;5;Maaseutumaiset kunnat;4;vaestoaan nopeasti menettava;4;vaesto vahenee;20;544;101;kunta, koko sote;18;Pohjois-Pohjanmaa;Pohjois-Pohjanmaa;17;OYS;362;Siikalatva
749;Siilinj�rvi;Siilinj�rvi;21674;20001-40000;3;Taajaan asuttu kunta;3;Kasvava;2;vaesto lisaantyy;10;332;101;kunta, koko sote;13;Pohjois-Savo;Pohjois-Savo;11;KYS;365;Siilinj�rvi
751;Simo;Simo;3045;2000-5000;6;Maaseutumaiset kunnat;4;vaestoaan nopeasti menettava;4;vaesto vahenee;20;644;201;ky koko sote;20;L�nsi-Pohja;Lappi;19;OYS;249;Oulunkaaren kuntayhtym�
753;Sipoo;Sipoo;20666;20001-40000;3;Taajaan asuttu kunta;3;Nopeasti kasvava;1;vaesto lisaantyy;10;331;101;kunta, koko sote;25;Helsinki-Uusimaa;Uusimaa;1;HYKS;368;Sipoo
755;Siuntio;Siuntio;6134;5001-10000;5;Maaseutumaiset kunnat;4;vaestoaan menettava;3;vaesto vahenee;20;543;101;kunta, koko sote;25;Helsinki-Uusimaa;Uusimaa;1;HYKS;374;Siuntio
758;Sodankyl�;Sodankyl�;8444;5001-10000;5;Taajaan asuttu kunta;3;vaestoaan menettava;3;vaesto vahenee;20;533;101;kunta, koko sote;21;Lappi;Lappi;19;OYS;377;Sodankyl�
759;Soini;Soini;2085;2000-5000;6;Maaseutumaiset kunnat;4;vaestoaan nopeasti menettava;4;vaesto vahenee;20;644;201;ky koko sote;15;Etel�-Pohjanmaa;Etel�-Pohjanmaa;14;TAYS;172;Kuusiokuntien sosiaali- ja terveyskuntayhtym� (KuusSoTe)
761;Somero;Somero;8828;5001-10000;5;Maaseutumaiset kunnat;4;vaestoaan menettava;3;vaesto vahenee;20;543;101;kunta, koko sote;3;Varsinais-Suomi;Varsinais-Suomi;2;TYKS;381;Somero
762;Sonkaj�rvi;Sonkaj�rvi;3967;2000-5000;6;Maaseutumaiset kunnat;4;vaestoaan nopeasti menettava;4;vaesto vahenee;20;644;201;ky koko sote;13;Pohjois-Savo;Pohjois-Savo;11;KYS;454;Yl�-Savon sosiaali- ja terveydenhuollon ky
765;Sotkamo;Sotkamo;10389;10001-20000;4;Taajaan asuttu kunta;3;vaestoaan menettava;3;vaesto vahenee;20;433;201;ky koko sote;19;Kainuu;Kainuu;18;OYS;106;Kainuun sosiaali- ja terveydenhuollon kuntayhtym�
768;Sulkava;Sulkava;2530;2000-5000;6;Maaseutumaiset kunnat;4;vaestoaan nopeasti menettava;4;vaesto vahenee;20;644;101;kunta, koko sote;11;It�-Savo;Etel�-Savo;10;KYS;390;Sulkava
777;Suomussalmi;Suomussalmi;7862;5001-10000;5;Taajaan asuttu kunta;3;vaestoaan nopeasti menettava;4;vaesto vahenee;20;534;201;ky koko sote;19;Kainuu;Kainuu;18;OYS;106;Kainuun sosiaali- ja terveydenhuollon kuntayhtym�
778;Suonenjoki;Suonenjoki;7145;5001-10000;5;Taajaan asuttu kunta;3;vaestoaan menettava;3;vaesto vahenee;20;533;203;ky vain terv.huolto;13;Pohjois-Savo;Pohjois-Savo;11;KYS;371;Sis�-Savon terveydenhuollon ky
781;Sysm�;Sysm�;3753;2000-5000;6;Maaseutumaiset kunnat;4;vaestoaan nopeasti menettava;4;vaesto vahenee;20;644;101;kunta, koko sote;7;P�ij�t-H�me;P�ij�t-H�me;7;HYKS;399;Sysm�
783;S�kyl�;S�kyl�;6811;5001-10000;5;Maaseutumaiset kunnat;4;vaestoaan nopeasti menettava;4;vaesto vahenee;20;544;101;kunta, koko sote;4;Satakunta;Satakunta;4;TYKS;402;S�kyl�
831;Taipalsaari;Taipalsaari;4715;2000-5000;6;Maaseutumaiset kunnat;4;vaestoaan menettava;3;vaesto vahenee;20;643;201;ky koko sote;9;Etel�-Karjala;Etel�-Karjala;9;HYKS;16;Etel�-Karjalan sosiaali- ja terveyspiiri Eksote
832;Taivalkoski;Taivalkoski;4024;2000-5000;6;Maaseutumaiset kunnat;4;vaestoaan nopeasti menettava;4;vaesto vahenee;20;644;101;kunta, koko sote;18;Pohjois-Pohjanmaa;Pohjois-Pohjanmaa;17;OYS;405;Taivalkoski
833;Taivassalo;Taivassalo;1662;Alle 2000;7;Maaseutumaiset kunnat;4;vaestoaan menettava;3;vaesto vahenee;20;743;302;vk tervhuolto ja yksittaisia sospalveluja;3;Varsinais-Suomi;Varsinais-Suomi;2;TYKS;427;Uudenkaupungin, Kustavin, Pyh�rannan, Taivassalon ja Vehmaan yhteistoiminta-alue
834;Tammela;Tammela;6081;5001-10000;5;Maaseutumaiset kunnat;4;vaestoaan nopeasti menettava;4;vaesto vahenee;20;544;201;ky koko sote;5;Kanta-H�me;Kanta-H�me;5;TAYS;28;Forssan seudun hyvinvointikuntayhtym�
837;Tampere;Tampere;235239;Yli 100000;1;Suuret kaupungit;1;Nopeasti kasvava;1;vaesto lisaantyy;10;111;301;vastuukunta koko sote;6;Pirkanmaa;Pirkanmaa;6;TAYS;408;Tampereen ja Oriveden yhteistoiminta-alue
844;Tervo;Tervo;1567;Alle 2000;7;Maaseutumaiset kunnat;4;vaestoaan nopeasti menettava;4;vaesto vahenee;20;744;202;ky terv.huolto ja yksittaisia sospalveluja;13;Pohjois-Savo;Pohjois-Savo;11;KYS;296;Pohjois-Savon sairaanhoitopiiri, perusterveydenhuollon ja vanhusten laitoshoidon liikelaitos Kysteri
845;Tervola;Tervola;3062;2000-5000;6;Maaseutumaiset kunnat;4;vaestoaan nopeasti menettava;4;vaesto vahenee;20;644;101;kunta, koko sote;20;L�nsi-Pohja;Lappi;19;OYS;411;Tervola
846;Teuva;Teuva;5158;5001-10000;5;Maaseutumaiset kunnat;4;vaestoaan nopeasti menettava;4;vaesto vahenee;20;544;201;ky koko sote;15;Etel�-Pohjanmaa;Etel�-Pohjanmaa;14;TAYS;396;Suupohjan peruspalveluliikelaitoskuntayhtym�
848;Tohmaj�rvi;Tohmaj�rvi;4482;2000-5000;6;Maaseutumaiset kunnat;4;vaestoaan nopeasti menettava;4;vaesto vahenee;20;644;201;ky koko sote;12;Pohjois-Karjala;Pohjois-Karjala;12;KYS;290;Pohjois-Karjalan sosiaali- ja terveyspalvelujen kuntayhtym� Siun sote
849;Toholampi;Toholampi;3112;2000-5000;6;Maaseutumaiset kunnat;4;vaestoaan nopeasti menettava;4;vaesto vahenee;20;644;201;ky koko sote;17;Keski-Pohjanmaa;Keski-Pohjanmaa;16;OYS;136;Keski-Pohjanmaan sosiaali- ja terveyspalvelukuntayhtym� Soite
850;Toivakka;Toivakka;2406;2000-5000;6;Maaseutumaiset kunnat;4;vaestoaan menettava;3;vaesto vahenee;20;643;202;ky terv.huolto ja yksittaisia sospalveluja;14;Keski-Suomi;Keski-Suomi;13;KYS;142;Keski-Suomen sairaanhoitopiiri/Keski-Suomen seututerveyskeskus
851;Tornio;Tornio;21875;20001-40000;3;Kaupunkimaiset kunnat;2;vaestoaan menettava;3;vaesto vahenee;20;323;101;kunta, koko sote;20;L�nsi-Pohja;Lappi;19;OYS;414;Tornio
853;Turku;Turku;191331;Yli 100000;1;Suuret kaupungit;1;Kasvava;2;vaesto lisaantyy;10;112;101;kunta, koko sote;3;Varsinais-Suomi;Varsinais-Suomi;2;TYKS;417;Turku
857;Tuusniemi;Tuusniemi;2551;2000-5000;6;Maaseutumaiset kunnat;4;vaestoaan nopeasti menettava;4;vaesto vahenee;20;644;303;vk vain terv.huolto;13;Pohjois-Savo;Pohjois-Savo;11;KYS;166;Kuopion ja Tuusniemen yhteistoiminta-alue
858;Tuusula;Tuusula;38664;20001-40000;3;Kaupunkimaiset kunnat;2;Kasvava;2;vaesto lisaantyy;10;322;201;ky koko sote;25;Helsinki-Uusimaa;Uusimaa;1;HYKS;144;Keski-Uudenmaan sote-kuntayhtym�
859;Tyrn�v�;Tyrn�v�;6758;5001-10000;5;Maaseutumaiset kunnat;4;Kasvava;2;vaesto lisaantyy;10;542;101;kunta, koko sote;18;Pohjois-Pohjanmaa;Pohjois-Pohjanmaa;17;OYS;421;Tyrn�v�
886;Ulvila;Ulvila;13021;10001-20000;4;Taajaan asuttu kunta;3;vaestoaan menettava;3;vaesto vahenee;20;433;301;vastuukunta koko sote;4;Satakunta;Satakunta;4;TYKS;299;Porin perusturvan yhteistoiminta-alue
887;Urjala;Urjala;4792;2000-5000;6;Maaseutumaiset kunnat;4;vaestoaan nopeasti menettava;4;vaesto vahenee;20;644;302;vk tervhuolto ja yksittaisia sospalveluja;6;Pirkanmaa;Pirkanmaa;6;TAYS;1;Akaan ja Urjalan yhteistoiminta-alue
889;Utaj�rvi;Utaj�rvi;2702;2000-5000;6;Maaseutumaiset kunnat;4;vaestoaan nopeasti menettava;4;vaesto vahenee;20;644;201;ky koko sote;18;Pohjois-Pohjanmaa;Pohjois-Pohjanmaa;17;OYS;249;Oulunkaaren kuntayhtym�
890;Utsjoki;Utsjoki;1232;Alle 2000;7;Maaseutumaiset kunnat;4;vaestoaan menettava;3;vaesto vahenee;20;743;101;kunta, koko sote;21;Lappi;Lappi;19;OYS;424;Utsjoki
892;Uurainen;Uurainen;3783;2000-5000;6;Maaseutumaiset kunnat;4;Nopeasti kasvava;1;vaesto lisaantyy;10;641;302;vk tervhuolto ja yksittaisia sospalveluja;14;Keski-Suomi;Keski-Suomi;13;KYS;91;Jyv�skyl�n, Hankasalmen ja Uuraisten yhteistoiminta-alue
893;Uusikaarlepyy;Uusikaarlepyy;7455;5001-10000;5;Maaseutumaiset kunnat;4;vaestoaan menettava;3;vaesto vahenee;20;543;301;vastuukunta koko sote;16;Vaasa;Pohjanmaa;15;TYKS;284;Pietarsaaren seudun yhteistoiminta-alue
895;Uusikaupunki;Uusikaupunki;15700;10001-20000;4;Taajaan asuttu kunta;3;Kasvava;2;vaesto lisaantyy;10;432;302;vk tervhuolto ja yksittaisia sospalveluja;3;Varsinais-Suomi;Varsinais-Suomi;2;TYKS;427;Uudenkaupungin, Kustavin, Pyh�rannan, Taivassalon ja Vehmaan yhteistoiminta-alue
785;Vaala;Vaala;2869;2000-5000;6;Maaseutumaiset kunnat;4;vaestoaan nopeasti menettava;4;vaesto vahenee;20;644;201;ky koko sote;18;Pohjois-Pohjanmaa;Pohjois-Pohjanmaa;17;OYS;249;Oulunkaaren kuntayhtym�
905;Vaasa;Vaasa;67552;40001-100000;2;Suuret kaupungit;1;Kasvava;2;vaesto lisaantyy;10;212;302;vk tervhuolto ja yksittaisia sospalveluja;16;Vaasa;Pohjanmaa;15;TYKS;429;Vaasan ja Laihian yhteistoiminta-alue
908;Valkeakoski;Valkeakoski;21137;20001-40000;3;Kaupunkimaiset kunnat;2;Kasvava;2;vaesto lisaantyy;10;322;101;kunta, koko sote;6;Pirkanmaa;Pirkanmaa;6;TAYS;433;Valkeakoski
911;Valtimo;Valtimo;2143;2001-5000;6;Maaseutumaiset kunnat;4;Nopeasti taantuva;4;vaesto vahenee;20;644;201;ky koko sote;12;Pohjois-Karjala;Pohjois-Karjala;12;KYS;290;Pohjois-Karjalan sosiaali- ja terveyspalvelujen kuntayhtym� Siun sote
92;Vantaa;Vantaa;228166;Yli 100000;1;Suuret kaupungit;1;Nopeasti kasvava;1;vaesto lisaantyy;10;111;101;kunta, koko sote;25;Helsinki-Uusimaa;Uusimaa;1;HYKS;436;Vantaa
915;Varkaus;Varkaus;20829;20001-40000;3;Kaupunkimaiset kunnat;2;vaestoaan nopeasti menettava;4;vaesto vahenee;20;324;301;vastuukunta koko sote;13;Pohjois-Savo;Pohjois-Savo;11;KYS;439;Varkauden ja Joroisten yhteistoiminta-alue
918;Vehmaa;Vehmaa;2285;2000-5000;6;Maaseutumaiset kunnat;4;vaestoaan menettava;3;vaesto vahenee;20;643;302;vk tervhuolto ja yksittaisia sospalveluja;3;Varsinais-Suomi;Varsinais-Suomi;2;TYKS;427;Uudenkaupungin, Kustavin, Pyh�rannan, Taivassalon ja Vehmaan yhteistoiminta-alue
921;Vesanto;Vesanto;2058;2000-5000;6;Maaseutumaiset kunnat;4;vaestoaan nopeasti menettava;4;vaesto vahenee;20;644;202;ky terv.huolto ja yksittaisia sospalveluja;13;Pohjois-Savo;Pohjois-Savo;11;KYS;296;Pohjois-Savon sairaanhoitopiiri, perusterveydenhuollon ja vanhusten laitoshoidon liikelaitos Kysteri
922;Vesilahti;Vesilahti;4393;2000-5000;6;Maaseutumaiset kunnat;4;vaestoaan menettava;3;vaesto vahenee;20;643;301;vastuukunta koko sote;6;Pirkanmaa;Pirkanmaa;6;TAYS;287;Pirkkalan ja Vesilahden yhteistoiminta-alue
924;Veteli;Veteli;3166;2000-5000;6;Maaseutumaiset kunnat;4;vaestoaan nopeasti menettava;4;vaesto vahenee;20;644;201;ky koko sote;17;Keski-Pohjanmaa;Keski-Pohjanmaa;16;OYS;136;Keski-Pohjanmaan sosiaali- ja terveyspalvelukuntayhtym� Soite
925;Vierem�;Vierem�;3676;2000-5000;6;Maaseutumaiset kunnat;4;vaestoaan nopeasti menettava;4;vaesto vahenee;20;644;201;ky koko sote;13;Pohjois-Savo;Pohjois-Savo;11;KYS;454;Yl�-Savon sosiaali- ja terveydenhuollon ky
927;Vihti;Vihti;29211;20001-40000;3;Taajaan asuttu kunta;3;Kasvava;2;vaesto lisaantyy;10;332;201;ky koko sote;25;Helsinki-Uusimaa;Uusimaa;1;HYKS;276;Perusturvakuntayhtym� Karviainen
931;Viitasaari;Viitasaari;6264;5001-10000;5;Maaseutumaiset kunnat;4;vaestoaan nopeasti menettava;4;vaesto vahenee;20;544;301;vastuukunta koko sote;14;Keski-Suomi;Keski-Suomi;13;KYS;442;Viitasaaren, Kinnulan ja Pihtiputaan yhteistoiminta-alue
934;Vimpeli;Vimpeli;2901;2000-5000;6;Maaseutumaiset kunnat;4;vaestoaan nopeasti menettava;4;vaesto vahenee;20;644;301;vastuukunta koko sote;15;Etel�-Pohjanmaa;Etel�-Pohjanmaa;14;TAYS;99;J�rvi-Pohjanmaan perusturva, yhteistoiminta-alue
935;Virolahti;Virolahti;3150;2000-5000;6;Maaseutumaiset kunnat;4;vaestoaan nopeasti menettava;4;vaesto vahenee;20;644;301;vastuukunta koko sote;8;Kymenlaakso;Kymenlaakso;8;HYKS;219;Miehikk�l�n ja Virolahden yhteistoiminta-alue Kaakon kaksikko
936;Virrat;Virrat;6739;5001-10000;5;Maaseutumaiset kunnat;4;vaestoaan nopeasti menettava;4;vaesto vahenee;20;544;301;vastuukunta koko sote;6;Pirkanmaa;Pirkanmaa;6;TAYS;445;Virrat-Ruovesi -yhteistoiminta-alue
946;V�yri;V�yri;6613;5001-10000;5;Maaseutumaiset kunnat;4;vaestoaan menettava;3;vaesto vahenee;20;543;303;vk vain terv.huolto;16;Vaasa;Pohjanmaa;15;TYKS;225;Mustasaaren ja V�yrin perusterveydenhuollon yhteistoiminta-alue
976;Ylitornio;Ylitornio;4022;2000-5000;6;Maaseutumaiset kunnat;4;vaestoaan nopeasti menettava;4;vaesto vahenee;20;644;101;kunta, koko sote;20;L�nsi-Pohja;Lappi;19;OYS;451;Ylitornio
977;Ylivieska;Ylivieska;15212;10001-20000;4;Taajaan asuttu kunta;3;Kasvava;2;vaesto lisaantyy;10;432;201;ky koko sote;18;Pohjois-Pohjanmaa;Pohjois-Pohjanmaa;17;OYS;267;Peruspalvelukuntayhtym� Kallio
980;Yl�j�rvi;Yl�j�rvi;32983;20001-40000;3;Kaupunkimaiset kunnat;2;Kasvava;2;vaesto lisaantyy;10;322;101;kunta, koko sote;6;Pirkanmaa;Pirkanmaa;6;TAYS;457;Yl�j�rvi
981;Yp�j�;Yp�j�;2357;2000-5000;6;Maaseutumaiset kunnat;4;vaestoaan nopeasti menettava;4;vaesto vahenee;20;644;201;ky koko sote;5;Kanta-H�me;Kanta-H�me;5;TAYS;28;Forssan seudun hyvinvointikuntayhtym�
989;�ht�ri;�ht�ri;5703;5001-10000;5;Maaseutumaiset kunnat;4;vaestoaan nopeasti menettava;4;vaesto vahenee;20;544;201;ky koko sote;15;Etel�-Pohjanmaa;Etel�-Pohjanmaa;14;TAYS;172;Kuusiokuntien sosiaali- ja terveyskuntayhtym� (KuusSoTe)
992;��nekoski;��nekoski;18851;10001-20000;4;Taajaan asuttu kunta;3;vaestoaan nopeasti menettava;4;vaesto vahenee;20;434;101;kunta, koko sote;14;Keski-Suomi;Keski-Suomi;13;KYS;460;��nekoski
